Specify early-control multisig,Whitelist,Weight,,,,,,,,,Methodology,
0x00432772Ed25d4Eb3C6EB26Dc461239b35cf8760,Snapshot,1,,Whitelist,COUNTA of Specify early-control multisig,SUM of Weight,Weight,,,,see subpages for whitelist category specific details,
0x01AB07010c2F4bf5971537669Cc19d5D8Cf320A0,Snapshot,1,,,0,0,,,,,unique addresses; some Ëœ150 duplicates removed,
0x01F92621aDDBD8B688FE6539F6a69a0F892502eC,Snapshot,1,,Code4rena,37,111,3,,,,simple weights per category: 5 for key voters; 1 for regular voters; 3 for mix,
0x01c242FCbC1Ee9789527e9845771EedAecf440e5,Snapshot,1,,Degenscore,149,447,3,,,,,
0x023320e0C9Ac45644c3305cE574360E901c7f582,Snapshot,1,,HighCouncil,1,1,1,,,,key institutions,"excluded (most) VCs, remaining: clubs etc"
0x02D2477624320CFfD4961C6f12EC318be96AF6Ae,Snapshot,1,,key individual,91,455,5,,,,key individuals,high profile gov participants + ari's wishlist
0x03273Ed029d15F1034c13E555d49F534b045808b,Snapshot,1,,key individual ++,39,375,10,,,,Code4rena,More than 8 code audit reports
0x03853B09108931C5C8Ff9b1a7DE689e7E76e7711,Snapshot,1,,key institution,34,170,5,,,,Degenscore,past governance participants + verified sybil.org + degenscore above 700
0x03894d4ac41Dd6C4c2f524eD4417C90fA46972c6,Snapshot,1,,POAP,439,439,1,,,,POAP,ic3 poaps + devcon 1/2 + misc others
0x0398aD679807d94021E73efd527ac4a61f9eA1d0,Snapshot,1,,Snapshot,682,682,1,,,,Snapshot,very active snapshot voters
0x03b0E525adf31Ca9FA908BE5c986E2b53Cd3e1D4,Snapshot,1,,Grand Total,1472,2680,,,,,,
0x0426B2F8E43DeB95AD7A840F8c2a517Ee33c6FB1,Snapshot,1,,,,,,,,,,
0x04A8C06Ac6D06f25c657Fe61106a485d2583BE71,Snapshot,1,,,,7.31%,,,,,To do,university org (waiting to hear back)
0x04E90bCbb9714F84aDc1b627C0DD4169C983F604,Snapshot,1,,,,,,,,,,
0x04e4F47e79B9B1A66f736b6797fE13F25e581C11,Snapshot,1,,,,,,,,,,
0x05144B6eBa04F846513c4e29812722f9397ee30a,Snapshot,1,,,,,,,,,,
0x0516cf37B67235E07aF38ad8E388d0E68089b0F2,Snapshot,1,,,,,,,,,,
0x05426FE88815453A5158C7C32F0a889Fb4c98580,Snapshot,1,,,,,,,,,,
0x054BA12713290eF5B9236E55944713c0Edeb4Cf4,Snapshot,1,,Raw distribution,,,,Weighted distribution,,,,
0x0585c0d0aEdF071a07992ad650bdc047Cef0c04F,Snapshot,1,,,,,,,,,,
0x05f7F81Ef8b158be44b96A3a3Bd5351BdF28946c,Snapshot,1,,,,,,,,,,
0x0678e836C26AbcFcd2b7e49559aA1a8B0f3ad36A,Snapshot,1,,,,,,,,,,
0x068EE4603D5EC5CF0110FC28Fe8a6942b19ba273,Snapshot,1,,,,,,,,,,
0x06FA22D76a0205F4972580E63090a97f1c788F67,Snapshot,1,,,,,,,,,,
0x06c4865ab16c9C760622f19a313a2E637E2e66a2,Snapshot,1,,,,,,,,,,
0x06f1758640be24e670B46d6006cF6A30bB5860DB,Snapshot,1,,,,,,,,,,
0x070341aA5Ed571f0FB2c4a5641409B1A46b4961b,Snapshot,1,,,,,,,,,,
0x07726d7e4ed80c8C64a8dd27e64F876Bd4225744,Snapshot,1,,,,,,,,,,
0x078Ad5270b0240D8529f600f35A271Fc6E2b2bD8,Snapshot,1,,,,,,,,,,
0x07E9d06db58A77407DB95D93Fbe1275a46F97463,Snapshot,1,,,,,,,,,,
0x080a75c96bF646Cd9f78aaF8C9869a510E9c68bb,Snapshot,1,,,,,,,,,,
0x085ED975A8b6B860DE3C2b871da60a3f9F48A5B8,Snapshot,1,,,,,,,,,,
0x09D1E14bc93217B9F2d083509E94dEe161ffd9AC,Snapshot,1,,,,,,,,,,
0x09DA2d53C9d7e569e428b7F4A5c82C7CD855a7D4,Snapshot,1,,,,,,,,,,
0x0CBAF9E960fa465Eb91d1E57C854af9D3d7490BA,Snapshot,1,,,,,,,,,,
0x0D3B8744600dA2e200d2a46f676fd5a29B7BD1BC,Snapshot,1,,,,,,,,,,
0x0DE92626498717585F06E5bF5B85A7A88872F5B3,Snapshot,1,,,,,,,,,,
0x0E9dC0f9f075C51B32324D74055D961E3A97228f,Snapshot,1,,,,,,,,,,
0x0a028619ac71de5AABace9862CDe22837e667849,Snapshot,1,,,,,,,,,,
0x0a2fBdC55d162b06C01179E5F55F0644Aa9F01F3,Snapshot,1,,,,,,,,,,
0x0b1937f6Ee406ca9E44dd99035dA38840c242A9d,Snapshot,1,,,,,,,,,,
0x0b9c8e96Aa0567F9e6113A8524C077E5c614371b,Snapshot,1,,,,,,,,,,
0x0e569D21238a29D82AcbeE5E51C717Bac80a2DD8,Snapshot,1,,,,,,,,,,
0x0f03D543f782C99dA39552a12e37A443fbD80E70,Snapshot,1,,,,,,,,,,
0x0fF9B6AB6Ec58ceB6D5ae8a1690dd5a0959aD002,Snapshot,1,,,,,,,,,,
0x10061123876CEeA12642342AfE829444b7E0d48a,Snapshot,1,,,,,,,,,,
0x1125917201ed36700F86c3CecEC8C5DAfAe280D1,Snapshot,1,,,,,,,,,,
0x1187f876a75086BF5b4D65cb8961845cBC1a889E,Snapshot,1,,,,,,,,,,
0x119383B0051e920D6161cEe971247D625B8D69Cb,Snapshot,1,,,,,,,,,,
0x12734f36E365ed769B16b4157e26B9Ee7180E8CA,Snapshot,1,,,,,,,,,,
0x127831833355bA81d81105DCF824c3e2B7654C55,Snapshot,1,,,,,,,,,,
0x12cb4ca94136b6e8Fb11636c55F47d0885f3Dc64,Snapshot,1,,,,,,,,,,
0x134046017c21c6AfA2d1f0061e97C8fEBe668385,Snapshot,1,,,,,,,,,,
0x13dDA63C28bB95FE9822FEA43ad5fEaA966636a9,Snapshot,1,,,,,,,,,,
0x14F83fF95D4Ec5E8812DDf42DA1232b0ba1015e6,Snapshot,1,,,,,,,,,,
0x14b3efF0d4CA46931733CEF5793B45C9bcB1E9d7,Snapshot,1,,,,,,,,,,
0x14fD9303bf2386b47C6aD72631Fed472a43214c6,Snapshot,1,,,,,,,,,,
0x155291782c0c5725B6A980d202A438D9c5234150,Snapshot,1,,,,,,,,,,
0x157D330DCf9A57Bc45C0f6d9fED575b6ea60333C,Snapshot,1,,,,,,,,,,
0x159525200C2860a4946097C8B251A7aD4EBDe744,Snapshot,1,,,,,,,,,,
0x15Fab1cC5262D69853b1196f74d38C7FC96Fc6D7,Snapshot,1,,,,,,,,,,
0x15d693444ABd97710437de8B9Bc271137994cf5e,Snapshot,1,,,,,,,,,,
0x160db73b0b30f6eE1434c415C2ab84bCE098B554,Snapshot,1,,,,,,,,,,
0x166D720802F189a03F43F3B1132369B0FD9E1c93,Snapshot,1,,,,,,,,,,
0x1684C382352FA8992E2d12264b08CBFd8E06b7b1,Snapshot,1,,,,,,,,,,
0x16Ce1B15ed1278921d7Cae34Bf60a81227CFC295,Snapshot,1,,,,,,,,,,
0x171814DB6DcAA27d2f88B1d31E306ABda53E7526,Snapshot,1,,,,,,,,,,
0x173a5409bE101148E29E2C98e7cf1E78c918b1E0,Snapshot,1,,,,,,,,,,
0x177821CbE97b3eB0a20de1FD534bC7160cBCd76e,Snapshot,1,,,,,,,,,,
0x17EbEe050C312567aD0038c0a703779401cb0fE0,Snapshot,1,,,,,,,,,,
0x17dfD18987B6B131686fea478600b75D11193335,Snapshot,1,,,,,,,,,,
0x1824BEFc17aedBC57991C9D7c7Fee1bf18CCCe63,Snapshot,1,,,,,,,,,,
0x18Fc6B1bc70bedD57a20e0b50b22C64ceF5Ca757,Snapshot,1,,,,,,,,,,
0x1A1e852f970a231d32271C88162e222A09C1650A,Snapshot,1,,,,,,,,,,
0x1B78284595eD8468608DA05aA02933b84C6A4183,Snapshot,1,,,,,,,,,,
0x1B9DA462D07512Fa37021973d853B59dEbB761Dd,Snapshot,1,,,,,,,,,,
0x1BF555E99b9056e75F5752EBF6593C4929BF5d50,Snapshot,1,,,,,,,,,,
0x1C05dEcb151A459E8B045a93f472D1B238204094,Snapshot,1,,,,,,,,,,
0x1D309Aa3b2e470911508b9eC6bF12a029ae7729C,Snapshot,1,,,,,,,,,,
0x1E2CEEc8e2fB758ECA1898538b3B4648441bcaFE,Snapshot,1,,,,,,,,,,
0x1E5aF7b64cECd78F0141450e942F19b1935C495e,Snapshot,1,,,,,,,,,,
0x1EE602B32500cca56653550D3c7D9eB3d36c4f6e,Snapshot,1,,,,,,,,,,
0x1aaB5ad27515409cF96f8EE10C41e2fD8F0365Dd,Snapshot,1,,,,,,,,,,
0x1b004189e64d5b2F71d5Be554470E6c49e10123B,Snapshot,1,,,,,,,,,,
0x1b35fcb58F5E1e2a42fF8E66ddf5646966aBf08C,Snapshot,1,,,,,,,,,,
0x1b5b4fCEDF1252cd92496a2fd5C593b39aC49b01,Snapshot,1,,,,,,,,,,
0x1b91Ee2cb5213C0aE0d712db6bE229d4b2B4E0B0,Snapshot,1,,,,,,,,,,
0x1c85d6Ae1336D0e4E3F165bbfA9641bfA04CeDb1,Snapshot,1,,,,,,,,,,
0x1cc5F236CE26c5D106095d0C9a696ec01C5d4D52,Snapshot,1,,,,,,,,,,
0x1ccb144B700EC726d37Db38c617E154De6d9c0d0,Snapshot,1,,,,,,,,,,
0x1d1d0887fd262f6F6C180C3234a2c356F39Eb3b3,Snapshot,1,,,,,,,,,,
0x1dF2535cf0956AbEC21C4738534885d3849d6578,Snapshot,1,,,,,,,,,,
0x1e1300EEAf333c572E4FC0133614291fa9d0df8B,Snapshot,1,,,,,,,,,,
0x1f742229F53d19C61929A052629f3b2aF5e1a9Ce,Snapshot,1,,,,,,,,,,
0x1fc9e8607d564605877A2b74Aa4D8a89892cd37f,Snapshot,1,,,,,,,,,,
0x20EADfcaf91BD98674FF8fc341D148E1731576A4,Snapshot,1,,,,,,,,,,
0x21Fa2cf8E56B9938402A7e08703BFBe4Be0943fb,Snapshot,1,,,,,,,,,,
0x21b98f5698FD33d9cB58f6aB8d5ec58E803FCba2,Snapshot,1,,,,,,,,,,
0x2238287464bFD7a2DC2B29Fe4116365E39aA69c5,Snapshot,1,,,,,,,,,,
0x22510fe99F63aE03BA792c21A29Ec10Fd87cae08,Snapshot,1,,,,,,,,,,
0x227FD2fD881Cc6c99DFCcc0FB40f2B1dc2f3F36E,Snapshot,1,,,,,,,,,,
0x22aB945B234Ab07784044D291D7fAF7a15219DB2,Snapshot,1,,,,,,,,,,
0x23dA7Bb497f78C65eaFae5Ec0Dc7dc5CdD7C0Df4,Snapshot,1,,,,,,,,,,
0x23fB34F91Ce9Dc6D8B0051BAaba39C16a1352222,Snapshot,1,,,,,,,,,,
0x245b0A88060D9e992e7950922c86FEA91dD40FdE,Snapshot,1,,,,,,,,,,
0x24749AedF18208aB74A8110E07E820286Bb5acf8,Snapshot,1,,,,,,,,,,
0x256dAcb0844FBf6Bb01B6eF2eDbd52cAd272F192,Snapshot,1,,,,,,,,,,
0x2571BaaEfFe8194DF58728D68419D0B7e61626aC,Snapshot,1,,,,,,,,,,
0x25B70c8050B7e327Ce62CfD80A0C60cCcf057Fa6,key individual,5,,,,,,,,,,
0x25aD2667B19e866109c1a93102b816730a6Aec3f,Snapshot,1,,,,,,,,,,
0x261668ADF1143315cde3b28Ad432e19E8744A861,Snapshot,1,,,,,,,,,,
0x268C824BE6856348A0c8A57F3F14573E16057FDD,Snapshot,1,,,,,,,,,,
0x26c75762dFa660AcEbadcce7f90eF20Be3224D3b,Snapshot,1,,,,,,,,,,
0x2744a205b3a599508295e53d0290b949104d57F4,Snapshot,1,,,,,,,,,,
0x27B0FC6C4A5a0Cf213a570097279a5bde61214d2,Snapshot,1,,,,,,,,,,
0x2805DdF1DFEDeCa06752907F493F5A5c9bb2C902,Snapshot,1,,,,,,,,,,
0x282C820c876A53a2de86775Fa858DED3C4756E06,Snapshot,1,,,,,,,,,,
0x2948a6e3e032BF530c4896efcA9089f2FBdEeCda,Snapshot,1,,,,,,,,,,
0x2951B1F7058bd2C05F01954002C450BaC0873847,Snapshot,1,,,,,,,,,,
0x299eff44279648F21eBb1BdAbd7e4167b5149c20,Snapshot,1,,,,,,,,,,
0x29c7B44E0584624C1e877d3eE0856520e2851Ba6,Snapshot,1,,,,,,,,,,
0x29ee39be789aDA5cBb2051f4bDd70Dd735Aed7d0,Snapshot,1,,,,,,,,,,
0x2A92195A610f21f8DA1801Ff9756Aaa11319Ef68,Snapshot,1,,,,,,,,,,
0x2BFe66759f0331066F3E7D57b3DC9a96bfC17927,Snapshot,1,,,,,,,,,,
0x2Bd2F0256F5Ea89cEa6dE3e534438550D8D19aF0,Snapshot,1,,,,,,,,,,
0x2C11Ae904565fa3f47ac785860F5Ec8c0368258c,Snapshot,1,,,,,,,,,,
0x2C97bB6058e7a7f61768464AAE86470D9BA57421,Snapshot,1,,,,,,,,,,
0x2CaC83DC9D8659aD8435AE2dbd778750C5cbc8C3,Snapshot,1,,,,,,,,,,
0x2Cf514Ed2266c7EB9bC71736aa822a8825b4DB5D,Snapshot,1,,,,,,,,,,
0x2D054602f39Ee2285Fdde7300753E9484D42aDBD,Snapshot,1,,,,,,,,,,
0x2D5823E8e8B4dfbf599a97566ff2A121Cc141d60,Snapshot,1,,,,,,,,,,
0x2E6962386DE46e8768d45E748122A2a6b5CC96ef,Snapshot,1,,,,,,,,,,
0x2Ea5E9E452F85f55Be47504153f25740A5f3D78A,Snapshot,1,,,,,,,,,,
0x2FC3Fd7c06aDfc48736122ea33820038CC16DcDb,Snapshot,1,,,,,,,,,,
0x2a06913D5b8748b222E1236768C24ca19198B374,Snapshot,1,,,,,,,,,,
0x2ad55394E12016c510D3C35d91Da7d90A758b7FD,Snapshot,1,,,,,,,,,,
0x2b5a0bE5940B63dE1eDdCCCa7bd977357e2488eD,Snapshot,1,,,,,,,,,,
0x2e1C62353efb3743729E1aF6c234b32cC4EfAF85,Snapshot,1,,,,,,,,,,
0x30D41a62B6e36E72B4FED35236c3168F4369b2f5,Snapshot,1,,,,,,,,,,
0x30De4047b8dE74F011E3D8337079E19fAfD508a1,Snapshot,1,,,,,,,,,,
0x30ddDDe80843855eA3d7570C11A5c993365E5b20,Snapshot,1,,,,,,,,,,
0x3158EdE7ad7680Df78541Af3ca60b4D09DFcf41B,Snapshot,1,,,,,,,,,,
0x31d8AB113eE817a38105DD3271D72Ee43224F299,Snapshot,1,,,,,,,,,,
0x32791bbC7DDc9d0e6Bd914F3B7F73747132a3A5B,Snapshot,1,,,,,,,,,,
0x328adB38154Da8F93cE0fFc47c26055e1975299b,Snapshot,1,,,,,,,,,,
0x32E100b633A70B4f315945f7c18373297F9f8a9F,Snapshot,1,,,,,,,,,,
0x33231C4171E4D6A864C05b6dB61467ec2424EFA5,Snapshot,1,,,,,,,,,,
0x33482803274C5e08661843636DceE8E9A68c7252,Snapshot,1,,,,,,,,,,
0x335D2d954CEc61Cb4673780300d890340A29Dd99,Snapshot,1,,,,,,,,,,
0x344b1E4Ac175f16D3bA40A688cA928E3768E275a,Snapshot,1,,,,,,,,,,
0x347Bb83E4ab465C8C6b7afaB3BEB373410A9Cae2,Snapshot,1,,,,,,,,,,
0x34f73A47a027bC3c1DB642Df9CA54625D9b6b77f,Snapshot,1,,,,,,,,,,
0x3566aB5289cF2054cd1cD6fd064d7771A09d163b,Snapshot,1,,,,,,,,,,
0x35E6fc00e3F190A8dFe15faa219368a01028ec14,Snapshot,1,,,,,,,,,,
0x35fCd9DAb61251d9d8a1a1C5FFb10e84c199EfBe,Snapshot,1,,,,,,,,,,
0x3637d7F6041D73917017e5d3E2259473215ecf6f,Snapshot,1,,,,,,,,,,
0x3656F5EC47Ed48e83D81215125194E4c8dd62E10,Snapshot,1,,,,,,,,,,
0x3769BF7a9C177bd6ae210bBbcDb9484135c5aa11,Snapshot,1,,,,,,,,,,
0x37Ea22D0f551AA66d54605592b672F385b713Dc4,Snapshot,1,,,,,,,,,,
0x37eD2B55890cD2320d835B573C0B10147ee455F7,Snapshot,1,,,,,,,,,,
0x383ce3Df8dFfE49930a48A4A7c60e898Cc5b215A,Snapshot,1,,,,,,,,,,
0x38AEE5584c02fd0dAB4F92D6F015Ec3B3849A884,Snapshot,1,,,,,,,,,,
0x38DE62FFE1f693a92Fd129758925c482CC9FFBcb,Snapshot,1,,,,,,,,,,
0x38c75D7044E7ca89A251A89716C8Db648fb965De,Snapshot,1,,,,,,,,,,
0x3949FF6825D6C1816893639c39BA4A13E566c09a,Snapshot,1,,,,,,,,,,
0x394B67c6BC05abB14C73a57706dcd5CB85231c4E,Snapshot,1,,,,,,,,,,
0x3961e180dF2789AD2ddFaAa9aF630F3CE635886e,Snapshot,1,,,,,,,,,,
0x3985f46E0c518f5De26938c073280e6b37307054,Snapshot,1,,,,,,,,,,
0x39EeCfb398D83695afe4955f43d98e1742284A02,Snapshot,1,,,,,,,,,,
0x3Ac892A09165516D98Ec9C02B95Ff840aB4bAdae,Snapshot,1,,,,,,,,,,
0x3CdE8FA1c73AfE0828f672D197e082463C2aC8e2,Snapshot,1,,,,,,,,,,
0x3DA952Ccef2b63bf708f7f78A0ED333FaA5cDaF7,Snapshot,1,,,,,,,,,,
0x3DbaDc86d19416eC16D81aa07fF2609E6241E7E9,Snapshot,1,,,,,,,,,,
0x3EeeE5E9150d8F3022D0588288B8621121ac0207,Snapshot,1,,,,,,,,,,
0x3F5D2058971DFd0103E3bF5E423620B5A42Db357,Snapshot,1,,,,,,,,,,
0x3aA8Ac0E6C1Fb9CBb733565De16cdC5a676bCb04,Snapshot,1,,,,,,,,,,
0x3b74175fB78aF5Aa92e9Eb2c7e837F6d50882522,Snapshot,1,,,,,,,,,,
0x3be9909766f2D5c3bf3e587fF4E53790ba4E40aF,Snapshot,1,,,,,,,,,,
0x3c28C42B24B7909c8292920929f083F60C4997A6,Snapshot,1,,,,,,,,,,
0x3c6E78A279ca78088a939d80968feFfcd517190A,Snapshot,1,,,,,,,,,,
0x3eC25DBBF90468979c25b45D9F76aBAAA59dFCa2,Snapshot,1,,,,,,,,,,
0x3f60cbDcDACf841477F948cba2Ac245aC6c0bA72,Snapshot,1,,,,,,,,,,
0x3f7E19951dFE627D839B17c2B515324Fc5103AF4,Snapshot,1,,,,,,,,,,
0x3f7bed3d5745c2550f64aa97A4529406e555bCE6,Snapshot,1,,,,,,,,,,
0x4095f2b8DC6A18Ce295699B0aB6Ca16980881e48,Snapshot,1,,,,,,,,,,
0x40Cb0B19D71Eda986C275c85A6e5b26b6AC7E2E4,Snapshot,1,,,,,,,,,,
0x40DE3299Bd8a10D8Ac3f32C1A55DE40640cF9B75,Snapshot,1,,,,,,,,,,
0x40F404FE6C091b951576ECC7bCcE5ECd56c985f7,Snapshot,1,,,,,,,,,,
0x410a0887cC91cCf1e8Db56422b9a5D8B078c2200,Snapshot,1,,,,,,,,,,
0x412Dd50d904e6F9A3343114f2edA6Da2591f04df,Snapshot,1,,,,,,,,,,
0x4131826eaFDCb7dcd855Fae9098EC693165F157d,Snapshot,1,,,,,,,,,,
0x41fb250fD5BE7cC6E818Bf7B54843735E8C64ABb,Snapshot,1,,,,,,,,,,
0x42364Fdc555b2Ce496002735AFd4215D2ad44F96,Snapshot,1,,,,,,,,,,
0x4254c53Fc3b3b38DF025Ea30BcAE410e11bb95b6,Snapshot,1,,,,,,,,,,
0x4281316c4a3409486e0CF90F2b25281EB641564A,Snapshot,1,,,,,,,,,,
0x42A01ba13F8F7Fc3999fec82cccd1f7459800487,Snapshot,1,,,,,,,,,,
0x42A198C215540cf4D01Aa5765eC2cC58112f702E,Snapshot,1,,,,,,,,,,
0x42c69B6D9498891c4A8659cC425Db3b52f125af5,Snapshot,1,,,,,,,,,,
0x432DcBdA06e8B296CA29705572D7cb6315Ed8Bed,Snapshot,1,,,,,,,,,,
0x437B5B7124B219f69A7BD8Ad37C0A384Dcc2741f,Snapshot,1,,,,,,,,,,
0x43dd14091D6769DB1a14873506132bBd7f04D384,Snapshot,1,,,,,,,,,,
0x44087c57add67bF4672Dd6702869DCf4B97AD850,Snapshot,1,,,,,,,,,,
0x45BEE058F59c3fC2311BFF15C854F37170780ff5,Snapshot,1,,,,,,,,,,
0x46331769A8a01947E07C310704893076a3409d36,Snapshot,1,,,,,,,,,,
0x472F916934161Be833E924DA2F31b8100F321eD1,Snapshot,1,,,,,,,,,,
0x475b6ff6603F17177B7E419d1aD2791fb82a3a56,Snapshot,1,,,,,,,,,,
0x48A9789428F2067338D02B1EF3612DF64F05FeB7,Snapshot,1,,,,,,,,,,
0x48b576c87e788a762D6f95A456f2A39113b46950,Snapshot,1,,,,,,,,,,
0x48ed5Df89cc73CCfA540883bc03105aaDe6f5Da6,Snapshot,1,,,,,,,,,,
0x48f88A8D8e4a9dFF33C0A4D857a81A189C2d6e07,Snapshot,1,,,,,,,,,,
0x492bf2Ae22a0796BA5078D4dB40ea14E41C73C54,Snapshot,1,,,,,,,,,,
0x49A7de07D0051961ABf7e3d30aabcc4D42716586,Snapshot,1,,,,,,,,,,
0x49D2db5F6C17a5A2894f52125048aAA988850009,Snapshot,1,,,,,,,,,,
0x4A7be1C3890c9b12a413a6C3747a753dEB69d4d8,Snapshot,1,,,,,,,,,,
0x4Ae7ca12a93Abc33A040dbA03F2aE8faC43BA242,Snapshot,1,,,,,,,,,,
0x4AeF8B6CA98cA20087E6b0827a50868172A32AFd,Snapshot,1,,,,,,,,,,
0x4C078cB14B2D321231a90089195317968957896d,Snapshot,1,,,,,,,,,,
0x4C37700d949db46Aa11A9F1627070F9Af31F8011,Snapshot,1,,,,,,,,,,
0x4CF57d42B8aB8D7Bfa9Be1cdC35Ed84429cD2168,Snapshot,1,,,,,,,,,,
0x4D29cc30F2e8F8F498b4303f810Ca1Ee26257B66,Snapshot,1,,,,,,,,,,
0x4DAa44Cf5EBbAd57C45C79aBE805d30Ddb74f644,Snapshot,1,,,,,,,,,,
0x4Ffc5F22770ab6046c8D66DABAe3A9CD1E7A03e7,Snapshot,1,,,,,,,,,,
0x4a067B189ef8eEFe4B40d73b0b22b60c26b427b7,Snapshot,1,,,,,,,,,,
0x4cC0F6a73F5AC0F78C752019d537dB88B5dEc9a4,Snapshot,1,,,,,,,,,,
0x4d477F1aabcFc2FC3FC9b802E861C013E0123AD9,Snapshot,1,,,,,,,,,,
0x4e45ab1f60480fe6199D20208067dE206C4e9959,Snapshot,1,,,,,,,,,,
0x4e70Bd663B20bB64DB6172F5c871bd41C1Cc7298,Snapshot,1,,,,,,,,,,
0x4fb63D01Dc521FceeabAc44E57bC675077656DEB,Snapshot,1,,,,,,,,,,
0x506adE0A94949dB63047346D3796A01C09384198,Snapshot,1,,,,,,,,,,
0x512fce9B07Ce64590849115EE6B32fd40eC0f5F3,key individual,5,,,,,,,,,,
0x513b4Fb84dF4f8E05C05cDCbbB8D04c482ec0b4B,Snapshot,1,,,,,,,,,,
0x515fAD9044494cd323B211C2F1eec80C1098f4F2,Snapshot,1,,,,,,,,,,
0x51Bd0A31e554cD32D0F4b3d42A2c75D3100AEd8B,Snapshot,1,,,,,,,,,,
0x51D63958A63A31eB4028917F049Ce477c8DD07Bb,Snapshot,1,,,,,,,,,,
0x5244736b3A8F898149aE33f013126A20cE7abc62,Snapshot,1,,,,,,,,,,
0x529408a6962Bae6Ca5328874d633738116B89B05,Snapshot,1,,,,,,,,,,
0x52ea58f4FC3CEd48fa18E909226c1f8A0EF887DC,Snapshot,1,,,,,,,,,,
0x5389a5546f3Df2358E069908605dCE8727bCF64c,Snapshot,1,,,,,,,,,,
0x53C40473DcdFd927C4201cCFE24E314a7D7C3584,Snapshot,1,,,,,,,,,,
0x53D8EDF6a54239eB785eC72213919Fb6b6B73598,Snapshot,1,,,,,,,,,,
0x53b015573630d248a32b11b21E5443EFb92D9CFB,Snapshot,1,,,,,,,,,,
0x541FFD67537185Cb4ABC2b028795C2Bf4AC6C45f,Snapshot,1,,,,,,,,,,
0x542DEF0BD5C808dDf56eBD35e84a4b1650518A14,Snapshot,1,,,,,,,,,,
0x5565b6a225C425f7796a7FbCFECA57f6d7d13C17,Snapshot,1,,,,,,,,,,
0x5574D6F75a59945A3D2e056D048816E11Ce12BF8,Snapshot,1,,,,,,,,,,
0x557C531b51E8f38e1E6AD5291AAe1775aA3C97A7,Snapshot,1,,,,,,,,,,
0x561f551f0C65A14Df1966E5d38C19D03b03263F5,Snapshot,1,,,,,,,,,,
0x564c9E10e962c7794a82a35fbcB92901Aa14c56B,Snapshot,1,,,,,,,,,,
0x571fA2dB5Ed28e696ae4F389E0566E165d7608C7,Snapshot,1,,,,,,,,,,
0x573eD9cC066f3CB9ABF16073d9fC4A1Efb4f3561,Snapshot,1,,,,,,,,,,
0x57d707fab0D9C2dD4f255f1814cb156Bd3e099C4,Snapshot,1,,,,,,,,,,
0x58C0808D8B83279bB5D518f9f0aaBc458774Eb67,Snapshot,1,,,,,,,,,,
0x58DF388089025ed53e9A957FE2084654B8E24004,Snapshot,1,,,,,,,,,,
0x58c442b9C0906d6D13173a24c2981b543188b346,Snapshot,1,,,,,,,,,,
0x59EC0EDb51AB373C94E1f93FA3CDAAa94AAE582b,Snapshot,1,,,,,,,,,,
0x5A72BfaF8dD5b251bd008fDC0b4656319Ac0509b,Snapshot,1,,,,,,,,,,
0x5CFc2C648BA36144644758f8D39553c0ce355Fc6,Snapshot,1,,,,,,,,,,
0x5E1610784f0b8c1CD1DF8170eC28a59e94cB5c0d,Snapshot,1,,,,,,,,,,
0x5E464B4766FB32Ac5f4bF74249D2681d6E00FBAd,Snapshot,1,,,,,,,,,,
0x5E8c16c96ffA9217a251F6cd22Ac942770b91E08,Snapshot,1,,,,,,,,,,
0x5ECc25D1f658Af69D9b59FcaEdB2D9Ee38254036,Snapshot,1,,,,,,,,,,
0x5F4ef5C539a56291665FcCa4e6b7a6446AD11Cc1,Snapshot,1,,,,,,,,,,
0x5Fb30D0E53Af487bD8E28C326F802E64e676D035,Snapshot,1,,,,,,,,,,
0x5a7365ADb157B5E2bD19712F45131DAE4527c9d6,Snapshot,1,,,,,,,,,,
0x5acAd6E75bf6Ddd63aD5D88DbC9852bA401d8d02,Snapshot,1,,,,,,,,,,
0x5b47Ce248ea313841668A318AFB9a5597d5eFC23,Snapshot,1,,,,,,,,,,
0x5ff817a31C03828c9F8995fc8B70B2eaB5e59Acc,Snapshot,1,,,,,,,,,,
0x608109470AfC9857561F9E33a3EfBE2547902302,Snapshot,1,,,,,,,,,,
0x608739531c63001f391997a55c652503857c0f0F,Snapshot,1,,,,,,,,,,
0x60C63BBb27f1F49F63Eacadc773C79Bf0C17aC7A,Snapshot,1,,,,,,,,,,
0x60dd456273Cbb018C2222621d4c2Dc5016E870d3,Snapshot,1,,,,,,,,,,
0x611A6Ed28cb59DEE17DF7B579Bf3796B10e326a6,Snapshot,1,,,,,,,,,,
0x613D7a8F4fbbefB1bC60107E650589A737ee914B,Snapshot,1,,,,,,,,,,
0x61C4d254051CDBf86dC71D13070a1b6e9ABC2489,Snapshot,1,,,,,,,,,,
0x61E9128af97ce396f82f76c93e0D79298c4B2b43,Snapshot,1,,,,,,,,,,
0x621752f25aBd2E13136275F0059e4d9ae4DC08B7,Snapshot,1,,,,,,,,,,
0x62DaA6DA1F8ED6bb6CBE489e6D9E7d677f061844,Snapshot,1,,,,,,,,,,
0x62eFcd67ee9AE5cB4d6E595Db9Ee3861E50a45Bc,Snapshot,1,,,,,,,,,,
0x631ab8EB40588543dF900263F864b6376d56A587,Snapshot,1,,,,,,,,,,
0x63a370ABfC8Ed6132025f6dC8244DDF6205C174B,Snapshot,1,,,,,,,,,,
0x64B5F9Dd6f23269B966A4c3717e150A6Dd264851,Snapshot,1,,,,,,,,,,
0x64f8e38e19c1B6992969Dcd5769c149951018Af1,Snapshot,1,,,,,,,,,,
0x6549D0Ab277E6F906939C469EFc9dcD7a096C3B6,Snapshot,1,,,,,,,,,,
0x6564A994Fe469fc4047FdAf40c422F9D7a2E2070,Snapshot,1,,,,,,,,,,
0x65877BE34c0c3C3A317d97028FD91bd261410026,Snapshot,1,,,,,,,,,,
0x670f2a946F731C6A1Aede41f27f2Fd4a378AbB5D,Snapshot,1,,,,,,,,,,
0x67149c6a2aa490636948b084d88DDE8A958CA269,Snapshot,1,,,,,,,,,,
0x68e73302843919EA45123f11F7FC7174B7c7aCaA,Snapshot,1,,,,,,,,,,
0x69389398e4D903b02010e20d308ee58EA8D6D714,Snapshot,1,,,,,,,,,,
0x696D181A7961EE66C42f1EBeDDc0B48B106C45ad,Snapshot,1,,,,,,,,,,
0x69B5B2b2cd11db8C7eA7f9f042F39423497B8EFA,Snapshot,1,,,,,,,,,,
0x6C6C0db237b92C56FD2b2208710D938D0A5f6498,Snapshot,1,,,,,,,,,,
0x6E0F19c2d538c2123B73B710c0Bef48bD05bB040,Snapshot,1,,,,,,,,,,
0x6EC03eE16bcD001A73B18331b954542368F79e45,Snapshot,1,,,,,,,,,,
0x6F0c3105444e9Ad288ed64674C12420593A1Efb2,Snapshot,1,,,,,,,,,,
0x6F881e25E46FbCC072E68A6d2b6Df0d785A7E050,Snapshot,1,,,,,,,,,,
0x6Fa6a7f3C4B6F3a1B3f6078bFf1359F415b251b1,Snapshot,1,,,,,,,,,,
0x6ba6c53c8757C99aDc983e84ce7e87F240bf7531,Snapshot,1,,,,,,,,,,
0x6f9BB7e454f5B3eb2310343f0E99269dC2BB8A1d,Snapshot,1,,,,,,,,,,
0x7005c3F79dC4ffcB50BBC5A9Ec5fA599f795b527,Snapshot,1,,,,,,,,,,
0x706D961Ab69d54a0FCbaa13E77842279A5724139,Snapshot,1,,,,,,,,,,
0x707D306714FF28560f32bF9DAE973BD33cd851c5,Snapshot,1,,,,,,,,,,
0x70B7454d7bA86666E9d29B551f2603a6acc8DaaC,Snapshot,1,,,,,,,,,,
0x70Ddb5AbF21202602b57F4860eE1262a594a0086,Snapshot,1,,,,,,,,,,
0x71213a9C9504E406d3242436A4bf69c6bfE74461,Snapshot,1,,,,,,,,,,
0x71b1009033ff60B23068dBC52c6295f9753D2382,Snapshot,1,,,,,,,,,,
0x71e2FB38c2B9040D0014A629662B3C2b35F10D9A,Snapshot,1,,,,,,,,,,
0x728b6672BCEEe270e92637Bae8bACb54A9B32888,Snapshot,1,,,,,,,,,,
0x72b2Cb558bF17F9e5AA40754A4e26EC480C07554,Snapshot,1,,,,,,,,,,
0x72d2E68A41d234c38d71f5D47395d8F170B2ee36,Snapshot,1,,,,,,,,,,
0x73165a7BF621F466C63F6A0c8F08e969772c2a6D,Snapshot,1,,,,,,,,,,
0x733246BCEE1d39f3Cae699a1f1cFfC97D67D2e57,Snapshot,1,,,,,,,,,,
0x7334Da6b036E0793730DbAC73E78D0E109844Be5,Snapshot,1,,,,,,,,,,
0x73D31902B450587a4Fd07b62C77b75230b859291,Snapshot,1,,,,,,,,,,
0x74075D1A2481F25343B32Bb1A7bf6336Ee42B016,Snapshot,1,,,,,,,,,,
0x74264aA892C5C4B596b91F961B1387f94ef3d5a1,Snapshot,1,,,,,,,,,,
0x74B4B8C7cb9A594a6440965f982deF10BB9570b9,Snapshot,1,,,,,,,,,,
0x74b02eb9aCFA1E85AC555e0Dc09CD68d61a3433D,Snapshot,1,,,,,,,,,,
0x75133Cc748f1f9b280118A65610c0d5811B19d55,Snapshot,1,,,,,,,,,,
0x7558899d8109D8a2CE457837ADE56C3d6eBFE90d,Snapshot,1,,,,,,,,,,
0x757CEC361dE3B2C9D229D2C8Ca4C0892A84E2C7f,Snapshot,1,,,,,,,,,,
0x75c1e14cD2D114686bd5B765Fcfe376176E41F1F,Snapshot,1,,,,,,,,,,
0x76AC6Ad4e4E7c2e0b4Ceeb30745bd53df3a85774,Snapshot,1,,,,,,,,,,
0x76E4f864bbEb60Bee66Ff5BbcD32dEcAF7FBDE71,Snapshot,1,,,,,,,,,,
0x76c1e8e91Dd6e9fa0328E545eab6ea774f53c157,Snapshot,1,,,,,,,,,,
0x770BEbe5946907CeE4DFE004F1648ac435A9d5bb,Snapshot,1,,,,,,,,,,
0x77D4D7ed546b19077720EDA2Be8C847A1C358125,Snapshot,1,,,,,,,,,,
0x7811DF09C3415E99BEB22122123932E2Fe1Ef0b0,Snapshot,1,,,,,,,,,,
0x787c8bE38E968Bd0b41eaAbe0b69d1c32ea09262,Snapshot,1,,,,,,,,,,
0x78C9eE28f69F57F429168a433772432428882F25,Snapshot,1,,,,,,,,,,
0x78Ccf421584df401B9c7075205a66D7bB019d892,Snapshot,1,,,,,,,,,,
0x791ffb02a34Dd626bbFD9aa20E0907F14A4faD08,Snapshot,1,,,,,,,,,,
0x7977B909D55a53F9c73140f7F611EaF0638238Ed,Snapshot,1,,,,,,,,,,
0x79ccEDbEFbfE6c95570d85e65f8B0aC0D6bd017B,Snapshot,1,,,,,,,,,,
0x7A34F54b8D7c056e2Cce6395B4b2483D0b2CcC1f,Snapshot,1,,,,,,,,,,
0x7A3BdeE62dd34faC317Ae61cd8B3bA7c27ada145,Snapshot,1,,,,,,,,,,
0x7B0B35b416631f05f321fE74990817dcA81caBDE,Snapshot,1,,,,,,,,,,
0x7DA0e97CB78832463914392B5d414C1bEFA1fB01,Snapshot,1,,,,,,,,,,
0x7F7aD73518C490885723B425a998921Bb3Cd309A,Snapshot,1,,,,,,,,,,
0x7F7bAc92AA3e28351F9E89535CA334e8A44542d0,Snapshot,1,,,,,,,,,,
0x7F85Cf44E446a4B1AaCe2A28774E88cd6d4e3441,Snapshot,1,,,,,,,,,,
0x7d3efCE658D3AB90B881a6f7c1119f06b7DD83c3,Snapshot,1,,,,,,,,,,
0x7d4053510C0E2cE0f127cf890FdB84F1A36cDC6D,Snapshot,1,,,,,,,,,,
0x7d55507f7D96b373706C0131FFFbc4Ffdcb3B6f6,Snapshot,1,,,,,,,,,,
0x7d64dc0f222a54cda3fB9bE846385c56915d23De,Snapshot,1,,,,,,,,,,
0x7daEd5FA8Ed462dCc4eE30993e50705f72DbE20C,Snapshot,1,,,,,,,,,,
0x7dd508a1e4Da1243789B799a480f8B45e58b1B5b,Snapshot,1,,,,,,,,,,
0x7e651F5f597436cD0fa941F5FF2cD45Ef3F2Fda8,Snapshot,1,,,,,,,,,,
0x7fB38b567D4C89523327A0353F54B26f5E4A92F4,Snapshot,1,,,,,,,,,,
0x7fb5a293Dc9E30971612839dE129fEaF870987D0,Snapshot,1,,,,,,,,,,
0x8039B0CEFba11BF79C55A264E9Aa9c2DdbC2199f,Snapshot,1,,,,,,,,,,
0x8061199A31983A077E691C08B2263a4CF5c24093,Snapshot,1,,,,,,,,,,
0x809b8362113deCd9F045A1b75f777644F1F9dC7d,Snapshot,1,,,,,,,,,,
0x810d3AABbBf8CbCFf5C256f2B0621c4941f8B139,Snapshot,1,,,,,,,,,,
0x824d4CB20C7a60c88F83aB748012dB401DeD4835,Snapshot,1,,,,,,,,,,
0x832D1c68b1e616c9961e97e46bf5d9d621b831FC,Snapshot,1,,,,,,,,,,
0x83C2ECdCE3b99AF24aC48e6bb86E8439CaDb0354,Snapshot,1,,,,,,,,,,
0x83C9440dc34DA00c47A0d4dC2b598d7BDB1b53F7,Snapshot,1,,,,,,,,,,
0x83D2E472495f408BD0Bc85702F4bE5EF1acAee80,Snapshot,1,,,,,,,,,,
0x83f4ed64D635119eDcb539f5De1bc192DE3d934A,Snapshot,1,,,,,,,,,,
0x84Ecf15af6fEC307aFeAB934b46947967Bc02d5f,Snapshot,1,,,,,,,,,,
0x8516E49D8aEF1E926E066A3E634c0254Ef5dF448,Snapshot,1,,,,,,,,,,
0x854F1269b659A727a2268AB86FF77CFB30BfB358,Snapshot,1,,,,,,,,,,
0x856DC4a12f08AFA49f42B52F81769A96505f312C,Snapshot,1,,,,,,,,,,
0x86089108e81b10eb5ABe569B1dd38A73030c2387,Snapshot,1,,,,,,,,,,
0x86Bc0B034659801B92F10D85f8EefA40F5a97ee7,Snapshot,1,,,,,,,,,,
0x8755f08374bB0bc598681C324913CBde3283AC18,Snapshot,1,,,,,,,,,,
0x87b6c907B267d16b397d267A31FE0289DFfA3626,Snapshot,1,,,,,,,,,,
0x88441DCD4Bc985965e69ecf5A454B04DC84eD876,Snapshot,1,,,,,,,,,,
0x8864486C1be43143B2Fb2992777bA0B85129f3e4,Snapshot,1,,,,,,,,,,
0x889cb44823b35Fc53dfC3a8b58a825Beb6A737B5,Snapshot,1,,,,,,,,,,
0x88F659b4B6D5614B991c6404b34f821e10390eC0,Snapshot,1,,,,,,,,,,
0x896002E29FE4CDa28A3ae139b0bf7bAc26B33a8C,Snapshot,1,,,,,,,,,,
0x89808C49F858b86E80B892506CF11606Fb25fCDC,Snapshot,1,,,,,,,,,,
0x8B755129dAb7fB59F665bCa5827220442f2cEf0E,Snapshot,1,,,,,,,,,,
0x8C01527C46f0adD00d4B52110b74e4A883590cA7,Snapshot,1,,,,,,,,,,
0x8Cbf7A00DE4327f173C2a83Ff8A6ff63dDaDbcF2,Snapshot,1,,,,,,,,,,
0x8D4Fcf8170A20ccC91fAB546Ee57Bd01c930E608,Snapshot,1,,,,,,,,,,
0x8DC4310F20d59BA458b76A62141697717f93FA41,Snapshot,1,,,,,,,,,,
0x8E14D07e176F842Ab755e632AFeC3245dA6c04b8,Snapshot,1,,,,,,,,,,
0x8F2A0c6BDd5c1f61552558D2C0D2Afe6d3dC5272,Snapshot,1,,,,,,,,,,
0x8adFc6e6E6DA6Ed9aF7F094B3f3115ED72048395,Snapshot,1,,,,,,,,,,
0x8e2F7D5aAAE5ABbD5052aCb74019b9b11cb74349,Snapshot,1,,,,,,,,,,
0x8eE3Fc743653BC3854a71FB06505bA4c988A3148,Snapshot,1,,,,,,,,,,
0x8eEF779818Afa953b0652e45438423ebE089F55A,Snapshot,1,,,,,,,,,,
0x8f0D4Cd6F0Dc60E315188Ccc1C42F266E8dE86Ae,Snapshot,1,,,,,,,,,,
0x908E8E8084d660f8f9054AA8Ad1B31380d04B08F,Snapshot,1,,,,,,,,,,
0x90b0dEc1f1bbA847015904C115B8A99BF22925c5,Snapshot,1,,,,,,,,,,
0x910c60C049d833A7fD2f5bDa310bbEa1c5fA3598,Snapshot,1,,,,,,,,,,
0x91E0EC7395390Cb550bC8e60BE18a78bfd7356e7,Snapshot,1,,,,,,,,,,
0x91F7C7dC5a44276482c102178fe1d620B397c276,Snapshot,1,,,,,,,,,,
0x91e6b7939dBF48FF0Eeb87384dfab05D35a1Fc9f,Snapshot,1,,,,,,,,,,
0x926Ba48F7F1BE7FE739f561e5051e9e28c0c3803,Snapshot,1,,,,,,,,,,
0x93442Eb8f90330704CfB2Ba5DA88D6bDDDAE6Aa9,Snapshot,1,,,,,,,,,,
0x938a49E24fD7A26149Dd537019078D8a8F919290,Snapshot,1,,,,,,,,,,
0x939BaC3bAd78752763be4Dd1Da19e8e70995A408,Snapshot,1,,,,,,,,,,
0x93FC1F35f53a9553534979233caF273214C51Fd7,Snapshot,1,,,,,,,,,,
0x940214134c5e8d81DBD5E9015908c697dAB5e0DD,Snapshot,1,,,,,,,,,,
0x94824d798C4d2fd2e093EE4e0084d2f1F75F7554,Snapshot,1,,,,,,,,,,
0x949aD06a4c904cd0B31AE2F56AaE0eC68C16CCAc,Snapshot,1,,,,,,,,,,
0x94A468FCB53A043Bf5Cd95EF21892E02C71134Be,Snapshot,1,,,,,,,,,,
0x952c23f8F067A5e7e165ff0E42491f51D87DBc95,Snapshot,1,,,,,,,,,,
0x95D8Bc3ebcEc8A8F2D3BdAFe141EA118fBD7Ca3f,Snapshot,1,,,,,,,,,,
0x95F50Cf888dFeC90321dC376c1E695F15B081595,Snapshot,1,,,,,,,,,,
0x95c2320fe56C248F15be7be3437d499ee31ffd57,Snapshot,1,,,,,,,,,,
0x9628bE77Fb3dcd890fD93A5d039092FcA855D3cC,Snapshot,1,,,,,,,,,,
0x96409069b740744a084F3D7cd95ec36c72B6E6Fc,Snapshot,1,,,,,,,,,,
0x965658b4Bd00dD1967Cc4F8220462b6007F15860,Snapshot,1,,,,,,,,,,
0x966E96091dF6ce838aa4943e5367D0A5Beb10781,Snapshot,1,,,,,,,,,,
0x96b96C944F4F9eB6F9E949D622Ed7d03D4447bC3,Snapshot,1,,,,,,,,,,
0x972a8B7D891B88220780421fE4D11f174354cEEd,Snapshot,1,,,,,,,,,,
0x97432c12ea8C957C3aE2d59c9953CF8dF9CBc5b0,Snapshot,1,,,,,,,,,,
0x9753Dc0C13b3685833756a3Cb0006D5ef3e78458,Snapshot,1,,,,,,,,,,
0x975CC4Ef1Ae67e1eDecadB7072a93faeD5552Fa1,Snapshot,1,,,,,,,,,,
0x9796b9443A3FFbc60eAB64F33E368CC19ebA4F33,Snapshot,1,,,,,,,,,,
0x97b102e00d88F02DEBfD6b1e4B901Dd6931bB982,Snapshot,1,,,,,,,,,,
0x9824697F7c12CAbAda9b57842060931c48dEA969,Snapshot,1,,,,,,,,,,
0x98263D0884B58aC1550555307A1a5fe4B8A72562,Snapshot,1,,,,,,,,,,
0x9884FcaF31e79C1d6EcE4E86cE61B4F2e6d81617,Snapshot,1,,,,,,,,,,
0x989289216A7948B3eF3180B7543d816944e0c713,Snapshot,1,,,,,,,,,,
0x98a769898170076C334ba5D1E156028AeFd9DEF8,Snapshot,1,,,,,,,,,,
0x98c366dbE6d98A2D6A3ED471608921b03f3abCCa,Snapshot,1,,,,,,,,,,
0x99A269F0ee634cfba22f96Ab4B1fd4fB1871AbD1,Snapshot,1,,,,,,,,,,
0x99D305dfc38CEfA91cB1129387681eDe4c93e87D,Snapshot,1,,,,,,,,,,
0x9A2A0B906B6Aa0ff5882b0fEB9240a6749051979,Snapshot,1,,,,,,,,,,
0x9A44394ffd96a78d0B5c5b2f5DCFF6052C70176d,Snapshot,1,,,,,,,,,,
0x9A88005428e7a98904Eab33749AfD56F6db16E27,Snapshot,1,,,,,,,,,,
0x9ACeEd10A62333B671108d11C9c199238D3e3760,Snapshot,1,,,,,,,,,,
0x9Ba6baA919BAc9Acd901dF3Bfde848FE006D3caE,Snapshot,1,,,,,,,,,,
0x9C72C98535224c3C045a3d27ff981ED5a1d64d6e,Snapshot,1,,,,,,,,,,
0x9D75b8717aa34258DeA1afD74306Cb41e30F7B3F,Snapshot,1,,,,,,,,,,
0x9E22520747a6690ed29694AfA98EA29a5436565A,Snapshot,1,,,,,,,,,,
0x9E38d938E909E15C155E35fC2DBb9008a1d019AF,Snapshot,1,,,,,,,,,,
0x9E4977972cb8A95fDF2Cf9Bda269EBDB2DcaEa35,Snapshot,1,,,,,,,,,,
0x9E4D15E0ECB571E7e66831334519C76130f29636,Snapshot,1,,,,,,,,,,
0x9E73201903164d3B476505f3C54F86cdCD4010DF,Snapshot,1,,,,,,,,,,
0x9EC108C0E024913DAdaC8DE65287F4209a05AC84,Snapshot,1,,,,,,,,,,
0x9FA7d42Ef9eb89ef6FAbDdE88207FbE6AfA70626,Snapshot,1,,,,,,,,,,
0x9a84A1e6aa600A4AEF8569A5320465A9b13e5601,Snapshot,1,,,,,,,,,,
0x9aE6B470D238a4ab42cAc5fEB27CAA5A19F89510,Snapshot,1,,,,,,,,,,
0x9bdfE468ED0d21ce9290e4b84575208e36ac0609,Snapshot,1,,,,,,,,,,
0x9c57027B1eca93093a6F446422C59C85A5A3Fa52,Snapshot,1,,,,,,,,,,
0x9dAB4dfaBc5Eca084fFDd386a7B676f2B61BD871,Snapshot,1,,,,,,,,,,
0x9f74662aD05840Ba35d111930501c617920dD68e,key individual,5,,,,,,,,,,
0x9fD9Bb687696f19038892989876Bd6dC96Abd769,Snapshot,1,,,,,,,,,,
0x9fbE83dAd5e8762163782E1A95074CE6c47Dd3E7,Snapshot,1,,,,,,,,,,
0xA0556E8e8b617f184c6948DF2c08AC795036DAA5,Snapshot,1,,,,,,,,,,
0xA0896145ADE9481aF8bDEE471dDE87d9a70da3E6,Snapshot,1,,,,,,,,,,
0xA1118D2663D83857e858F12a9cE29D8FAa2ef62F,Snapshot,1,,,,,,,,,,
0xA1CAD48e9844d850f066376e1f1e04147b16619e,Snapshot,1,,,,,,,,,,
0xA260d670a41C225FCff54Bbb88e500C95CaFA6d4,Snapshot,1,,,,,,,,,,
0xA297A06221aB3c846354e7Fb1B37EB5DA06bDA21,Snapshot,1,,,,,,,,,,
0xA38f82506C3AB79816D625AD286574133Fc6F4e9,Snapshot,1,,,,,,,,,,
0xA3F066285ad422407acbF6765FC1a71505bc610d,Snapshot,1,,,,,,,,,,
0xA73fbE260A4D61Ac44Cc22C3dc350D248483939e,Snapshot,1,,,,,,,,,,
0xA84B79415E24966d86c416dfCdcD6BBCFE5E1e0f,Snapshot,1,,,,,,,,,,
0xA8c4e3ce1743D0f2A6c227548C982a7C40569940,Snapshot,1,,,,,,,,,,
0xA8fD7F7cCC5228787074A949ed55170975cBf7c6,Snapshot,1,,,,,,,,,,
0xA97D4048b71975a475766E8278dcD2DA1E8674fa,Snapshot,1,,,,,,,,,,
0xA9ed98B5Fb8428d68664f3C5027c62A10d45826b,Snapshot,1,,,,,,,,,,
0xAAFCEFDBdB81B6002126194802e44C355A4E0E93,Snapshot,1,,,,,,,,,,
0xAB3F34994048c2714CF403fDBE38eF8BEE79b4BD,Snapshot,1,,,,,,,,,,
0xABBb9Eb2512904123f9d372f26e2390a190d8550,Snapshot,1,,,,,,,,,,
0xAEAf8371BF9Df3eDB08BDD7D05099D49965fDf59,Snapshot,1,,,,,,,,,,
0xAb6f255DaC71103EA6d57B320EAf0EEc901B05aA,Snapshot,1,,,,,,,,,,
0xAbEaA41fd6a7464b1203b24486526b0461a5ceA4,Snapshot,1,,,,,,,,,,
0xAc395a12Cd0b1Bf56e4c832bffB60E723953Cd5B,Snapshot,1,,,,,,,,,,
0xAd0804C43B3542ddd5CbD2A1Df61fc4f9B4739FD,Snapshot,1,,,,,,,,,,
0xAf43D3c6a1362CA33Fbba27D16959deb454f72Ae,Snapshot,1,,,,,,,,,,
0xAf72E36d1d16aE80b6811a99909cb92396d18777,Snapshot,1,,,,,,,,,,
0xAfAAeFad7C0EA3C81CB7062BBd9123988BadF498,Snapshot,1,,,,,,,,,,
0xB1f881f47baB744E7283851bC090bAA626df931d,Snapshot,1,,,,,,,,,,
0xB46296bfa66C72829d823042E9A25f2E5dd6eEC0,Snapshot,1,,,,,,,,,,
0xB47116c96385aE3796d8BC25629B662d6Df58746,Snapshot,1,,,,,,,,,,
0xB5B44C678659035cb6ff87E9F1393b54A4d0A335,Snapshot,1,,,,,,,,,,
0xB5Ff60f970EFF7311A94de05e38a183F8Fe1e781,Snapshot,1,,,,,,,,,,
0xB7919Ad276b1e77e29b8aE75837517A1522f8D0A,Snapshot,1,,,,,,,,,,
0xB8A9C37240E8B72F42a88f1099E6c61DC3e96756,Snapshot,1,,,,,,,,,,
0xB91E8c6D109802965af67950ec13d7BAE8495408,Snapshot,1,,,,,,,,,,
0xB9b93bF2DB3678b010E71Ef701d763Aee144E93E,Snapshot,1,,,,,,,,,,
0xBA3D4228b2Fc5b6751eEEcE88eae2Ebbb8008f42,Snapshot,1,,,,,,,,,,
0xBC04652B7657E9a7C2778f04B425683955DE88C1,Snapshot,1,,,,,,,,,,
0xBC1939b8b22D47Aff7119917c2E8eA241d1C367d,Snapshot,1,,,,,,,,,,
0xBDe8d3ef66eA8a6c38024615E0117c4d7B3D5cD9,Snapshot,1,,,,,,,,,,
0xBE09e43A57F2980998cEdD08517eae7d5aE683Bb,Snapshot,1,,,,,,,,,,
0xBcE35d5A3e89995730B3C979a01319D06E41776f,Snapshot,1,,,,,,,,,,
0xBd5f7F276D94aFCAc1505F93a98C0eC39a6e6A23,Snapshot,1,,,,,,,,,,
0xBf62319147a6fB8DCB9bd907B890195Be6929222,Snapshot,1,,,,,,,,,,
0xC0b6389713bf59Be9E77be9a4e4311fEd48c8d38,Snapshot,1,,,,,,,,,,
0xC134f280C35dFD5ccD47Ea1584e987aB64389fC6,Snapshot,1,,,,,,,,,,
0xC208934E867DFCdC10E5AB58b631D2C3185Edbc9,Snapshot,1,,,,,,,,,,
0xC34D931CC6290DaE177a6Fc645DB444a132A442f,Snapshot,1,,,,,,,,,,
0xC3d8A431312ffBB0fc106C1e0282b14712FcBB40,Snapshot,1,,,,,,,,,,
0xC5aFc3a0F462C5a387393421b6A253204a3Be8D2,Snapshot,1,,,,,,,,,,
0xC69aDcA4485C0C494f34e9Aa6b0A31f343f76411,Snapshot,1,,,,,,,,,,
0xC71deD6f0E5660DFe79C849058Afd9BE7a3c85b8,Snapshot,1,,,,,,,,,,
0xC720aAd5b91dc6661d3EA32dDEA7E11003A0C12f,Snapshot,1,,,,,,,,,,
0xC7c10871096B36b036E41d45d15b32B0Cc74b806,Snapshot,1,,,,,,,,,,
0xC85b1Fd3Ac4e1c1964Ce772606b67B4A40934601,Snapshot,1,,,,,,,,,,
0xC8A3cdc0E3a5Cef3E668B89d15c3D3771246891d,Snapshot,1,,,,,,,,,,
0xC9E456Bc688D0025c3466f323F66f85eAddB144E,Snapshot,1,,,,,,,,,,
0xCD790d0813bef3aDD5ddC1Ae5589D3A9B526CaDf,Snapshot,1,,,,,,,,,,
0xCE436E5B28918Df04ED04D14B06081797e31Ed77,Snapshot,1,,,,,,,,,,
0xCF603a4B0D42337DD9fde4998c092aDc9C6C7fDb,Snapshot,1,,,,,,,,,,
0xCdAa63E7762d078c07f344Eb05B1D6C792fFF2E5,Snapshot,1,,,,,,,,,,
0xCe184937647ba4fBcB3355651708b52eA1104bef,Snapshot,1,,,,,,,,,,
0xCfE730837BD4917330B18b89CE7035f612D97a49,Snapshot,1,,,,,,,,,,
0xD03Ad690ed8065EDfdC1E08197a3ebC71535A7ff,Snapshot,1,,,,,,,,,,
0xD0ac50d9F7516be16e2449539394A3967BEa03C7,Snapshot,1,,,,,,,,,,
0xD0fc847317ea6bCbbc8a0A29f4274Fa5de552cd2,Snapshot,1,,,,,,,,,,
0xD14f076044414C255D2E82cceB1CB00fb1bBA64c,Snapshot,1,,,,,,,,,,
0xD16B486dFdF1fACE86C54EbFfbD6d39743B27ABb,Snapshot,1,,,,,,,,,,
0xD1BC2dbb8EbC0707Ed89499116040a3Efc3f97f2,Snapshot,1,,,,,,,,,,
0xD3e14D46Ee219FF85174C076ddFBB7F99Dd0f9B0,Snapshot,1,,,,,,,,,,
0xD45D6fF3269831c17a6e13DB84A0bef80F1B873a,Snapshot,1,,,,,,,,,,
0xD496281296473C09feF9E3cB847BC81e18c0b116,Snapshot,1,,,,,,,,,,
0xD5d561B883A4a1201414c3e7da83B5D09A4755aD,Snapshot,1,,,,,,,,,,
0xD7E5D4b44c74b71c724e89d330B7FB03c1aAD6B3,Snapshot,1,,,,,,,,,,
0xD8263b8b277c7DF352f1851923125a07a6982540,Snapshot,1,,,,,,,,,,
0xD85DF04c47d6072e84A2F5758D7FDCA662Da5CCe,Snapshot,1,,,,,,,,,,
0xD9ca4316e02e81689acAfE30A2EDDFb5FCa2C271,Snapshot,1,,,,,,,,,,
0xDB95d92ab6C7CBe8E95ED07d52Ff3147Ea015AaC,Snapshot,1,,,,,,,,,,
0xDBaE4A204A9eE579E402c7Cf9F72005eCBf8f8e4,Snapshot,1,,,,,,,,,,
0xDE88d146F61463D582262a1Dcdf6eA1323AbA34a,Snapshot,1,,,,,,,,,,
0xDa90d355b1bd4d01F6124fEE7669090d4cbD5778,Snapshot,1,,,,,,,,,,
0xDc9C5e34959eC3643AF1e1D34A83D6b251AAb1eF,Snapshot,1,,,,,,,,,,
0xE3E39161d35E9A81edEc667a5387bfAE85752854,Snapshot,1,,,,,,,,,,
0xE4b32828B558F17BcaF5efD52f0C067dba38833c,Snapshot,1,,,,,,,,,,
0xE5350E927B904FdB4d2AF55C566E269BB3df1941,Snapshot,1,,,,,,,,,,
0xE58585B22cC2aC4270a2b92c2D2d8C5dB5A3330E,Snapshot,1,,,,,,,,,,
0xE6156d93fbA1F2387fCe5f50f1BB45eF51ed5f2b,Snapshot,1,,,,,,,,,,
0xE65c2be6254731e93368CC071A2420b0C961451B,Snapshot,1,,,,,,,,,,
0xE7a2E3c4E89e454606409C40D6c63DC5e2AdDCbd,Snapshot,1,,,,,,,,,,
0xE953Bf0aCBBd733E2313432967D8155034e20098,Snapshot,1,,,,,,,,,,
0xECD02810Db92Ff027ea1b0850d46BdA963676D74,Snapshot,1,,,,,,,,,,
0xECEDa45AD3c57681c7e49B47072A014dF54Ee659,Snapshot,1,,,,,,,,,,
0xECa5e3CE0774372e71cE9b3675CB07c6677C2d52,Snapshot,1,,,,,,,,,,
0xEE05f233245C33150fd061F732BD213AEE0eC3c7,Snapshot,1,,,,,,,,,,
0xEE8BA007FA7fe3D127213a206Be8d5A5341ca5B8,Snapshot,1,,,,,,,,,,
0xEb4Db23c27253077Fb3080adda6C5C127b0dACAe,Snapshot,1,,,,,,,,,,
0xF01Cc7154e255D20489E091a5aEA10Bc136696a8,Snapshot,1,,,,,,,,,,
0xF196836B53E8f03E32f5186C7909aCbb8B742615,Snapshot,1,,,,,,,,,,
0xF288a11D791537D84b75e91681A56FE1325b0138,Snapshot,1,,,,,,,,,,
0xF2f3d01b47c21a2339f3A508531DA76A9380dCd7,Snapshot,1,,,,,,,,,,
0xF334916eaBa7DDd00d2fe8f9B602b7B50b7f5e44,Snapshot,1,,,,,,,,,,
0xF3BaeaB4AFA486991845d5dbe31069265da39D57,Snapshot,1,,,,,,,,,,
0xF507555538FD0537922e70817780908AD132d3eb,Snapshot,1,,,,,,,,,,
0xF55c02b021f91752521C0cB74303565f25BAcCb1,Snapshot,1,,,,,,,,,,
0xF65d76B1F053b5190de514997bC27ac17B246738,Snapshot,1,,,,,,,,,,
0xF78F2bba5EA14419Ff7Cb5e68d192CD214ec049e,Snapshot,1,,,,,,,,,,
0xFBE6915fB22DFe6b42a7c50b43B45bF692681e5D,Snapshot,1,,,,,,,,,,
0xFDAb3be33284Ef68442F55535ffC0b1FCbad2B62,Snapshot,1,,,,,,,,,,
0xFDD88a45cE43e403BA0C0d6774a13b01b6f75d40,Snapshot,1,,,,,,,,,,
0xFEC5b1910B20D826F500fF5199c08c3947565B04,Snapshot,1,,,,,,,,,,
0xFa8dC5Fc2f212c754A440C93F7f23984cBb854d0,Snapshot,1,,,,,,,,,,
0xFb1626C0311392c62723D06Fd3c9160404DA0f33,Snapshot,1,,,,,,,,,,
0xFba4e8E43F00A256014dC3E5aD0112dF9F003226,Snapshot,1,,,,,,,,,,
0xFde26D6535427ACe0775aa0Ce1022bccE17A3350,Snapshot,1,,,,,,,,,,
0xFe4C4A27BeD5E9113480C84A177068F7421A1Eb7,Snapshot,1,,,,,,,,,,
0xa013289862035c4b1d7933C9F74a412D8B60dbCD,Snapshot,1,,,,,,,,,,
0xa02b9c87C59Dc0516200D4Ac7662Ab76A50b601a,Snapshot,1,,,,,,,,,,
0xa468F2DA42F25572cAA1647E5c0dfA9f4d340E96,Snapshot,1,,,,,,,,,,
0xa4B2C652b4052729Ab35f6A6FFC0C22Bad7bDba8,Snapshot,1,,,,,,,,,,
0xa8293Dd8eb52564a35b8357a539146321b934153,Snapshot,1,,,,,,,,,,
0xa8cDD5F4C355ad6E4eC58811136c2E1EBFDe952e,Snapshot,1,,,,,,,,,,
0xa8ff20f8825C758C8404B9EDbee354e7C4231Cd8,Snapshot,1,,,,,,,,,,
0xa9065e74608392BDbaD98B134dd604394c014C7C,Snapshot,1,,,,,,,,,,
0xaB7b49bacd43BD4CfA41433D477F690Bb9E1fB26,Snapshot,1,,,,,,,,,,
0xaB888291F4127352B655fd476F64AC2ebfb8fe76,Snapshot,1,,,,,,,,,,
0xaBfd1fffFD163A449B3119D1B9BbeFBcaE04Ba27,Snapshot,1,,,,,,,,,,
0xaD928e545cf5598802B3c601E04B0CFE6bf6351C,Snapshot,1,,,,,,,,,,
0xab06E86D240A5F515eA6d16c3530C6596f8Bb774,Snapshot,1,,,,,,,,,,
0xab3101C12D8104b4Bfb282C6B94e93422D6003a2,Snapshot,1,,,,,,,,,,
0xad67360a3cDccF027426F812d3d0580da123eef0,Snapshot,1,,,,,,,,,,
0xae87eb6C951b47e7b399487d0da144Ce2d0DE26B,Snapshot,1,,,,,,,,,,
0xaeB192B9b651dAc0Aa7F6364922e2c4C4bCaAdb6,Snapshot,1,,,,,,,,,,
0xb2BE6D8E872C7b08085d9DCE6AFcBd0286C75B0A,Snapshot,1,,,,,,,,,,
0xb3313b023e68CdA95d7B625200e1B0fE6335A0c2,Snapshot,1,,,,,,,,,,
0xb3B7344Dd665195392dE5a89b165c9dC2ADD62B6,Snapshot,1,,,,,,,,,,
0xb44831A793d4Be04C06ad22e3FeD000B7406b382,Snapshot,1,,,,,,,,,,
0xb5564B1A37d52fee291081964973Eac0e9F08DEe,Snapshot,1,,,,,,,,,,
0xb7853dA07CE744CA85fA1c0f96d96bB3C512b515,Snapshot,1,,,,,,,,,,
0xb800B2ECE3E20D64fc1899c4A5e6191FCdCaDcbB,Snapshot,1,,,,,,,,,,
0xb809Ca404338812792C371A4a78d71739FBCbcC2,Snapshot,1,,,,,,,,,,
0xb83771d232665306D81a5f4CAca7CcF0A3CA193e,Snapshot,1,,,,,,,,,,
0xb957DccaA1CCFB1eB78B495B499801D591d8a403,Snapshot,1,,,,,,,,,,
0xbC1500dAafF721f626Ef1a4F1a8C4e333648c5A4,Snapshot,1,,,,,,,,,,
0xbCD8Fc34307CC53755b6082c41B6BA643FbC6f99,Snapshot,1,,,,,,,,,,
0xbCb0dE6967749179c6Ba04540A2dF1a0E2f842e2,Snapshot,1,,,,,,,,,,
0xbDa0136ea391e24a938793972726f8763150c7C3,Snapshot,1,,,,,,,,,,
0xba8765802198e5c19F2BA8fe9b0dA2B225927AAf,Snapshot,1,,,,,,,,,,
0xbb0244016A4Dcb20c499B50E740083cfbb6C2f78,Snapshot,1,,,,,,,,,,
0xbb7BB43aF885549f1bbF5724213ee48b40eBeE83,Snapshot,1,,,,,,,,,,
0xbc1d3B5EcCC3E3D145BE9A7b5E054e68E8906e2d,Snapshot,1,,,,,,,,,,
0xbc8d90aA5041D6b7273084275C977d4178555d37,Snapshot,1,,,,,,,,,,
0xbd5bc121f9fB413d77Fdf39f6A2Aa45a9D8Bd6b2,Snapshot,1,,,,,,,,,,
0xbd95c7cE1c6FCA2cE0B7C1B86F79DeE0Be5Db7C8,Snapshot,1,,,,,,,,,,
0xc03A8a6e8bfdbd4CCbaE74D7EC005Cf66A699087,Snapshot,1,,,,,,,,,,
0xc16B76C25b60E5970acE61c719CA263133CCC1b3,Snapshot,1,,,,,,,,,,
0xc18ADbE415623BcdE7f77140C6Ac2DFB54d833d8,Snapshot,1,,,,,,,,,,
0xc21611A12525D3aB940c339b8aE4C4BE5865B6a2,Snapshot,1,,,,,,,,,,
0xc290Cfb8D020c0615e9C63036f4319Cc41717E68,Snapshot,1,,,,,,,,,,
0xc2AcE1E2fEE2d1e4b33261913D89CAF657E99734,Snapshot,1,,,,,,,,,,
0xc2adF44448Ca48c8cc4F8a8235A24c1fF0412a58,Snapshot,1,,,,,,,,,,
0xc3A8c66DFB53d8C1A480d9D52303f4b56e6B5182,Snapshot,1,,,,,,,,,,
0xc58D054217281e665412C45271319Bf951f4FB2c,Snapshot,1,,,,,,,,,,
0xc5Df8672232f1C2b75310e4f2B80863721705a12,Snapshot,1,,,,,,,,,,
0xc5E7184d2807b21726d67dd05B6c3011F9C5dCa5,Snapshot,1,,,,,,,,,,
0xc63dbb830ED822edC98EBC4532a75881d24103F4,Snapshot,1,,,,,,,,,,
0xc7B774ADEb29bE44d8bd556e294DcE36D4AA0f92,Snapshot,1,,,,,,,,,,
0xc83c3B46D8E622b9C7b540872c6AF8636DdC1D17,Snapshot,1,,,,,,,,,,
0xc85fcc44005A1D24142c6B347a0256b5E9306C10,Snapshot,1,,,,,,,,,,
0xc97370F22eD5ac4c7B24A8E1ca9D81FEbb3b9457,Snapshot,1,,,,,,,,,,
0xcA7a6a53d5576102765a0281c723f863D881DC96,Snapshot,1,,,,,,,,,,
0xcB15649D7B7a1eb01fb1ACD14809de6cF82Aa1A0,Snapshot,1,,,,,,,,,,
0xcD75942b66C1a82d7e04f65A34cE7f93791fA8A8,Snapshot,1,,,,,,,,,,
0xcEeC1F6209610f6868EfBb54FfB6fa5d4E90113b,Snapshot,1,,,,,,,,,,
0xcaD557AD03774150459d5FB528c48aBc8D5D8180,Snapshot,1,,,,,,,,,,
0xcaba98e3FFEc97FBF8d57061780548eb3B9e9152,Snapshot,1,,,,,,,,,,
0xcc4DCe2E22353dDF8786b7430b1D9aa6C3274ac2,Snapshot,1,,,,,,,,,,
0xccB5D53c4721c008a65Cc02F5dF10A9cE67C6044,Snapshot,1,,,,,,,,,,
0xcd5C1BB777C937d993bC5E16E48B1669bEcc77aa,Snapshot,1,,,,,,,,,,
0xce68b1394ED29ECAA6974536244d1D2Aad4a2745,Snapshot,1,,,,,,,,,,
0xcf8E24538E6e8c6D7cA711F84539aEac0892e28b,Snapshot,1,,,,,,,,,,
0xd2033db9c5370aC76ABD80823b5c5adC097E2FBF,Snapshot,1,,,,,,,,,,
0xd2B2f14e25cCf9e7D62611586c2fEE55bd96436A,Snapshot,1,,,,,,,,,,
0xd2F7Bb62504FBe33e3038bf2fefAEaB42bad88B3,Snapshot,1,,,,,,,,,,
0xd314cB3388D80236AC7111be118F86D8558dE8B5,Snapshot,1,,,,,,,,,,
0xd31A84c20bc430aD75E6a1903E7dDbee52211072,Snapshot,1,,,,,,,,,,
0xd33eFC59A54ce45Ef1160958C356E8343c55A341,Snapshot,1,,,,,,,,,,
0xd42627f3AAA1b80160414B329bfE7D6Aad770991,Snapshot,1,,,,,,,,,,
0xd44Bd863D78F4bDd0FB45c5dFA117efDCcb040AC,Snapshot,1,,,,,,,,,,
0xd48169125e659543e297ac337eCBE9f6dcb1af4A,Snapshot,1,,,,,,,,,,
0xd59515Ed5d580246e82e90eD2673d78039eF8fC6,Snapshot,1,,,,,,,,,,
0xd5FAE9a76DE0bF1063eEE5D4AE05Be77cB08E68A,Snapshot,1,,,,,,,,,,
0xd62b6f9130831AD0742783695bAd534C6C64d013,Snapshot,1,,,,,,,,,,
0xd67076f241C6014E0c59e9Be3fF2d2359e617f28,Snapshot,1,,,,,,,,,,
0xd7E1df3C6d6F974F2AED3d13Cec917217C9A7187,Snapshot,1,,,,,,,,,,
0xd7b26011E6eB5857a6251da1f77E9f3d8AaC4489,Snapshot,1,,,,,,,,,,
0xd83B065e0528922257C5C3B18D08D0F81e42bbcf,Snapshot,1,,,,,,,,,,
0xd9293636EE3Aa663fc563ADB0912B0705dAfb62c,Snapshot,1,,,,,,,,,,
0xdAc7a91516112703448B5d1fbC8B679fcE838E8A,Snapshot,1,,,,,,,,,,
0xdCAd95C9894d80fB30817F59e7619Fd9128f64d1,Snapshot,1,,,,,,,,,,
0xdD15553673126d386f9E735d0cc56a96E59Cc095,Snapshot,1,,,,,,,,,,
0xdE0AEf70a7ae324045B7722C903aaaec2ac175F5,Snapshot,1,,,,,,,,,,
0xdED77410241c3bCC3997C1F92ad622b9eacB2c6d,Snapshot,1,,,,,,,,,,
0xda90f94194F093dB4f27e10a4d0289cEE9602459,Snapshot,1,,,,,,,,,,
0xdd1922241992FD37DDa92DFF99964E4FC7c9AC42,Snapshot,1,,,,,,,,,,
0xdd45CA901067d65860b54d4310e37371CD92Fb09,Snapshot,1,,,,,,,,,,
0xdf631777df4DebcBcd647e85bdcB868b43663BA0,Snapshot,1,,,,,,,,,,
0xe0577F84d0f02363614791f6386FDA68Ae74543F,Snapshot,1,,,,,,,,,,
0xe09697E1E476DcE90b1199B0C5Aa73bD33589A60,Snapshot,1,,,,,,,,,,
0xe099d39b893f81CaCab91436549D22EF8171d4E0,Snapshot,1,,,,,,,,,,
0xe0fda19799b5100192f2bA402CB9150aDfc42501,Snapshot,1,,,,,,,,,,
0xe30601Ed4FE7129577bea0C781A5F7a4C4a9aEb6,Snapshot,1,,,,,,,,,,
0xe40987f8cA51D3f72947400a7459e66Db2715Bc1,Snapshot,1,,,,,,,,,,
0xe415Ff6834EF063516d7F6A548Db982a5120Ea9d,Snapshot,1,,,,,,,,,,
0xe9945b3AcbDc2f9dcad8871F01aa9dabBb20d882,Snapshot,1,,,,,,,,,,
0xeA5bbAD59C45A02AC0B0F48C9b4b7CcBCCd73c36,Snapshot,1,,,,,,,,,,
0xeD7e736851Bc65967A65cf1134300C27F39b7648,Snapshot,1,,,,,,,,,,
0xeaF7a913882D45d07E8a6Be42Cdf88E776527d12,Snapshot,1,,,,,,,,,,
0xed374EcE52Ab111bdbAEE9F1013429F474C883bA,Snapshot,1,,,,,,,,,,
0xed92400C084E2eDB4472Dcfe6A2aAD91aD361552,Snapshot,1,,,,,,,,,,
0xf05e75e42272Ec60ba6157d647924FD2de7a9495,Snapshot,1,,,,,,,,,,
0xf0CF2338eA5a498bC6C30976Fc39660d23509468,Snapshot,1,,,,,,,,,,
0xf0f9EDA9F0CC8056f55797997CB77E1C1c15c1e7,Snapshot,1,,,,,,,,,,
0xf11A3703226a02825F23A02c1b3663be8fc46060,Snapshot,1,,,,,,,,,,
0xf144B619327f071A3CaB0fe44E915e14a7fC8482,Snapshot,1,,,,,,,,,,
0xf3FE8c6c75bE4afB2F8200Fc77339abE4D7CFF33,Snapshot,1,,,,,,,,,,
0xf582A7c87888714Ca875A70b0971f55bde6eB148,Snapshot,1,,,,,,,,,,
0xf5Fe364D18F4a5A53BADCe9a046ba74cfC97f6Fb,Snapshot,1,,,,,,,,,,
0xf5fE5014769a240a974f4e2afBBB2cc4E087ae08,Snapshot,1,,,,,,,,,,
0xf63d78c6b9375fdAb283D7A47b8863709eBFd5f6,Snapshot,1,,,,,,,,,,
0xf66313c8cE5fF2b4712001952674530960f9632A,Snapshot,1,,,,,,,,,,
0xf6Bed2bb9aB681b0B736f347351FAca63231e84D,Snapshot,1,,,,,,,,,,
0xf6d639FCdD2467139976675feC588BA970e7e599,Snapshot,1,,,,,,,,,,
0xf6e41cc3EFdcAC73983F55b8023bF2CD7D19F534,Snapshot,1,,,,,,,,,,
0xf818e21d802eD0c5CCD7147D7B63a7466af84925,Snapshot,1,,,,,,,,,,
0xf86FBF3Ee5801749EAD424e374cA1F8F74535A35,Snapshot,1,,,,,,,,,,
0xfC0591893B0BDb4322D25BDd43904Aa9aB137140,Snapshot,1,,,,,,,,,,
0xfDC58C08656E866121C81a410070BBA40F20FF94,Snapshot,1,,,,,,,,,,
0xfFFA889f71003F256F0E14B48e54FA2dAd1F2ff0,Snapshot,1,,,,,,,,,,
0xfc442DD2A1D1F61867406bbff682e33cb0da1ecc,Snapshot,1,,,,,,,,,,
0xff0281256B2A478905B79895c1A2038A679E1751,key individual,5,,,,,,,,,,
0xAa01DeC5307CF17F20881A3286dcaA062578cea7,Snapshot,1,,,,,,,,,,
0xhoratius.eth,key individual,5,,,,,,,,,,
0x06e8dedf9e1adb1eba32f36ea9223770ba378b77,key individual,5,,,,,,,,,,
collectivegovernance.eth,key individual,5,,,,,,,,,,
0x2b384212edc04ae8bb41738d05ba20e33277bf33,key individual,5,,,,,,,,,,
auryn.eth,key individual,5,,,,,,,,,,
0xb49f8b8613be240213c1827e2e576044ffec7948,key individual,5,,,,,,,,,,
nexusmutant.eth,key individual,5,,,,,,,,,,
butterbum.eth,key individual,5,,,,,,,,,,
0x2c511d932c5a6fe4071262d49bfc018cfbaaa1f5,key individual,5,,,,,,,,,,
whinfrey.eth,key individual,5,,,,,,,,,,
0xE89f973A19Cd76C3e5e236062668e43042176638,key individual,5,,,,,,,,,,
corbin.eth,key individual,5,,,,,,,,,,
0x13838884271ec954CB036D0B29D404afab5EAe2A,key individual,5,,,,,,,,,,
0xe3c9ece23316b6b06142fa0ca915f02c323c6b21,key individual,5,,,,,,,,,,
salatti.eth,key individual,5,,,,,,,,,,
0x8F73bE66CA8c79382f72139be03746343Bf5Faa0,key individual,5,mihal.eth,,,,,,,,,
joxes.defilatam.eth,key individual,5,,,,,,,,,,
Sugma.eth,key individual,5,,,,,,,,,,
dybsy.eth,key individual,5,,,,,,,,,,
0x92e1ca8b69a44bb17afa92838da68fc41f12250a,key individual,5,,,,,,,,,,
0x0f4be9f208c552a6b04d9a1222f385785f95beaa,key individual,5,,,,,,,,,,
fourpoops.eth,key individual,5,,,,,,,,,,
francom.eth,key individual,5,,,,,,,,,,
0x316090e23cc44e70245ba9846404413aca2df16f,key individual,5,,,,,,,,,,
dhannte.eth,key individual,5,,,,,,,,,,
,,,,,,,,,,,,
0xafaff1a605c373b43727136c995d21a7fcd08989,key individual ++,10,,,,,,,,,,
0x4f41877773e44F2275dA1942FEe898556821bf66,key individual,5,jackanorak.eth,,,,,,,,,
jacob.willemsma.eth,key individual,5,,,,,,,,,,
0xD1fc89E0c3828F50b650E1309e30CB4fcF2bdBe3,key individual,5,,,,,,,,,,
jensenhaji.eth,key individual,5,,,,,,,,,,
jessewldn.eth,key individual,5,,,,,,,,,,
0xCdB792c14391F7115Ba77A7Cd27f724fC9eA2091,key individual,5,,,,,,,,,,
,,,,,,,,,,,,
katiegarcia.eth,key individual,5,,,,,,,,,,
0x8C5f9c67028fAaE0Db258D44507BdfBD7A9de223,key individual ++,10,,,,,,,,,,
0x5e349eca2dc61aBCd9dD99Ce94d04136151a09Ee,key individual ++,10,,,,,,,,,,
lito.eth,key individual,5,,,,,,,,,,
luukdao.eth,key individual,5,,,,,,,,,,
metro-growth.pod.xyz,key individual,5,,,,,,,,,,
0xaa19f47e6acb02df88efa9f023f2a38412069902,key individual ++,10,,,,,,,,,,
mjs.eth,key individual,5,,,,,,,,,,
MinimalGravitas.ETH,key individual,5,,,,,,,,,,
0x8d07d225a769b7af3a923481e1fdf49180e6a265,key individual ++,10,,,,,,,,,,
0xF4B0556B9B6F53E00A1FDD2b0478Ce841991D8fA,key individual,5,olimpio.eth,,,,,,,,,
0x9301F3bB7A71Ab4d46b17BD1F8254142fa8F26AD,key individual,5,,,,,,,,,,
hailvitalik.eth,key individual,5,,,,,,,,,,
0x9C159121CEEBF937E9bad98fd0c895d7f6038bd4,key individual,5,,,,,,,,,,
parhamgharavaisi.eth,key individual,5,,,,,,,,,,
0x1372eda77df5a048db8af4db3d8680ff56388824,key individual,5,,,,,,,,,,
people-dao.eth,key individual,5,,,,,,,,,,
tongnk.eth,key individual,5,,,,,,,,,,
0x429F9aDA43e9F345CbB85EC88681BB70Df808892,key individual ++,10,,,,,,,,,,
0xD9D00c42BeD99A6D3a0F2902c640BCCCEECF6C29,key individual,5,,,,,,,,,,
0xB1EA5a3E5EA7fA1834d48058EcDa26d8c59e8251,key individual,5,,,,,,,,,,
afdudley.eth,key individual,5,,,,,,,,,,
0xD0Df93fC03a7291e31947F5cC6ef526f5B67B0ea,key individual,5,,,,,,,,,,
0x88fb3d509fc49b515bfeb04e23f53ba339563981,key individual,5,,,,,,,,,,
robopunkceo.eth,key individual,5,,,,,,,,,,
Superdelegate.eth,key individual,5,,,,,,,,,,
0xB4b82978FCe6d26A22deA7E653Bb9ce8e14f8056,key individual,5,,,,,,,,,,
ceresstation.eth,key individual,5,,,,,,,,,,
realshelbyt.eth,key individual,5,,,,,,,,,,
solarcurve.eth,key individual ++,10,,,,,,,,,,
0x7bc86bd5e77d7b28e34253a630912f631534762a,key individual,5,,,,,,,,,,
tarungupta.eth,key individual,5,,,,,,,,,,
theethernaut.eth,key individual,5,,,,,,,,,,
veballer.eth,key individual,5,,,,,,,,,,
0xdab0d648a2a771e6952916a822dddf738b535f5a,key individual,5,,,,,,,,,,
xenophonlabs.eth,key individual,5,,,,,,,,,,
0xdb5781a835b60110298fF7205D8ef9678Ff1f800,key individual,5,yoav.eth,,,,,,,,,
vebalrepresentative.eth,key individual,5,,,,,,,,,,
zen-dragon.eth,key individual,5,,,,,,,,,,
exa256.eth,key individual,5,,,,,,,,,,
0xe02457a1459b6c49469bf658d4fe345c636326bf,key individual,5,,,,,,,,,,
0x8e4ed221fa034245f14205f781e0b13c5bd6a42e,key individual,5,,,,,,,,,,
0xa2bf1b0a7e079767b4701b5a1d9d5700eb42d1d1,key individual,5,,,,,,,,,,
0x59a5493513bA2378Ed57aE5ecfB8A027E9D80365,key individual ++,10,,,,,,,,,,
0x212baf65228fe03674da0efb88cac7eadb276db5,key individual ++,10,,,,,,,,,,
0x1a13C53d516f6E8321e9903F224861e74BBD7AA0,key individual ++,10,,,,,,,,,,
0x8169522c2c57883e8ef80c498aab7820da539806,key individual,5,,,,,,,,,,
0x54a37d93e57c5da659f508069cf65a381b61e189,key individual,5,,,,,,,,,,
0x18c8f1222083997405f2e482338a4650ac02e1d6,key individual,5,,,,,,,,,,
0x732a4B05C31da514e30411d79E3E17624579B848,key individual,5,,,,,,,,,,
0xB0623C91c65621df716aB8aFE5f66656B21A9108,key individual,5,,,,,,,,,,
0x067b9Bbbbc42d2AB9b9Ab6bB62646dAF7F344A76,key individual ++,10,,,,,,,,,,
0x490539F53dd0344287b8C8FD85D0Ecb8eEF44DD0,key individual ++,10,,,,,,,,,,
0xaA73Cc17b6cAe8ea3BE9Cec5040C4101ad85F02c,key individual ++,10,,,,,,,,,,
0x464D78a5C97A2E2E9839C353ee9B6d4204c90B0b,key individual,5,,,,,,,,,,
0xEA95cfB5Dd624F43775b372db0ED2D8d0073E91C,key individual ++,10,,,,,,,,,,
0x018A3833CCC9d365195441C32e2202f2CC9e5F16,key individual,5,,,,,,,,,,
0xCF0FA79c915F12592c352FFe35000fda5c96a158,key individual ++,10,,,,,,,,,,
0xd714Dd60e22BbB1cbAFD0e40dE5Cfa7bBDD3F3C8,key individual ++,10,,,,,,,,,,
0x809FA673fe2ab515FaA168259cB14E2BeDeBF68e,key individual ++,10,,,,,,,,,,
0x2B888954421b424C5D3D9Ce9bB67c9bD47537d12,key individual ++,10,,,,,,,,,,
0x839395e20bbB182fa440d08F850E6c7A8f6F0780,key individual ++,10,griff green,,,,,,,,,
0x399e0Ae23663F27181Ebb4e66Ec504b3AAB25541,key individual ++,10,,,,,,,,,,
0x54BeCc7560a7Be76d72ED76a1f5fee6C5a2A7Ab6,key individual ++,10,,,,,,,,,,
0xE5501BC2B0Df6D0D7daAFC18D2ef127D9e612963,key individual,5,,,,,,,,,,
0x190473B3071946df65306989972706A4c006A561,key individual ++,10,chainlinkgod,,,,,,,,,
0xb7847E247871f468F221E2113640A5B9e98e19f2,key individual ++,10,,,,,,,,,,
0x1D5460F896521aD685Ea4c3F2c679Ec0b6806359,key individual ++,10,,,,,,,,,,
0xf07A2439296e07Bc4320AF924E655a01fb69D89C,key individual ++,10,,,,,,,,,,
0x8d3808B4e8EC725DC283391196Ac5109C60b945e,key individual ++,10,,,,,,,,,,
Aavechan.eth,key individual,5,,,,,,,,,,
0x13bdae8c5f0fc40231f0e6a4ad70196f59138548,key individual,5,,,,,,,,,,
0x47c125dee6898b6cb2379bcbafc823ff3f614770,key institution,5,,,,,,,,,,
0xfc61965861b679c5aa728d41fa6ea0b29544f554,key institution,5,,,,,,,,,,
CalBlockchain.eth,key institution,5,,,,,,,,,,
0x797d63cb6709c79b9eca99d9585ea613da205156,key institution,5,,,,,,,,,,
0xdC1F98682F4F8a5c6d54F345F448437b83f5E432,key institution,5,,,,,,,,,,
0x40f784b16b2d405efd4e9eb7d0663398d7d886fb,key institution,5,,,,,,,,,,
flipsidecrypto.eth,key institution,5,,,,,,,,,,
gauntletgov.eth,key institution,5,,,,,,,,,,
0xa6e8772af29b29b9202a073f8e36f447689beef6,key institution,5,gfx,,,,,,,,,
delegate.gkvcapital.eth,key institution,5,,,,,,,,,,
0x1B686eE8E31c5959D9F5BBd8122a58682788eeaD,key institution,5,l2beat,,,,,,,,,
lbsblockchain.eth,key institution,5,,,,,,,,,,
0xb55a948763e0d386b6dEfcD8070a522216AE42b1,key institution,5,reverie,,,,,,,,,
stablenodegov.eth,key institution,5,,,,,,,,,,
0xeff506a32b55d5c19847c1a4f8510c00280c27e5,key institution,5,,,,,,,,,,
0x1d29756e8f7b091ce6c11a35980de79c7eda5d1f,key institution,5,,,,,,,,,,
FranklinDAO.eth,key institution,5,,,,,,,,,,
0x64cc60a9F6F97ddCb8ac1378dA9390b85Be6dA37,key institution,5,,,,,,,,,,
0x0a09cd09b0107bb98a83f211704f036eca94b92e,key institution,5,,,,,,,,,,
0xed11e5ea95a5a3440fbaadc4cc404c56d0a5bb04,key institution,5,,,,,,,,,,
shot.eth,key institution,5,,,,,,,,,,
snxambassador.eth,key institution,5,,,,,,,,,,
0x5d8908afee1df9f7f0830105f8be828f97ce9e68,key institution,5,,,,,,,,,,
0xB933AEe47C438f22DE0747D57fc239FE37878Dd1,key institution,5,,,,,,,,,,
0x590f636a0E62A1D72eE78a292134eF82fdB5D954,key institution,5,,,,,,,,,,
0x554c5af96e9e3c05aec01ce18221d0dd25975ab4,key institution,5,,,,,,,,,,
0x380180f6d556cae3b3a93b51d376b8c6a164a82a,key institution,5,,,,,,,,,,
0x9bd2fac7347fb4a4d4fd6c8c2182db822ca1d75e,key institution,5,,,,,,,,,,
0x7e4569f6e601c5fcab871c9d21e266aedebc2ab7,POAP,1,,,,,,,,,,
0xaa8a0111e791f6db540cc2fffe0165f7119d9e98,POAP,1,,,,,,,,,,
0x5b655eda7d101f98934392cc3610bcb25b633789,POAP,1,,,,,,,,,,
0xf6b6f07862a02c85628b3a9688beae07fea9c863,POAP,1,,,,,,,,,,
0x0f0b4e2d2dd6abd49406a453d5abaacb1a49abb3,POAP,1,,,,,,,,,,
0x03d1ee0729188eca4c614f2c123db63639b2d018,POAP,1,,,,,,,,,,
0x3ab8dccd0a3f3cdc8fd3d5c55957810971bef622,POAP,1,,,,,,,,,,
0x1ead7a809eabca2b8ba1344bf5e69431e9e6f750,POAP,1,,,,,,,,,,
0x09f3da83660926bd0979971a5cd5fd479bd00a45,POAP,1,,,,,,,,,,
0xd69fa0719764fe93302c46b0656fd764ceada23e,POAP,1,,,,,,,,,,
0x80d63799b1e08a80f73fb7a83264b5c31600bf3a,key individual,5,,,,,,,,,,
0xb3c534c79d3948a1956f75daccb4489b65ae7141,POAP,1,,,,,,,,,,
0x8fa54f2e82c2afa672b3c1c3931751af5a5aa2a1,POAP,1,,,,,,,,,,
0x4b5f5bd1b0029a00aa18b3bdbf6e71045dc48e2e,POAP,1,,,,,,,,,,
0x019edcb493bd91e2b25b70f26d5d9041fd7ef946,POAP,1,,,,,,,,,,
0xd334741d0766b257b18f2d058e844e17e346a0c1,POAP,1,,,,,,,,,,
0x393e5f28f1ecf889e9344288ccdae19353fbf9fb,POAP,1,,,,,,,,,,
0xba3d971e2f9311e8b9f8245d37e3c5752ce708b7,POAP,1,,,,,,,,,,
0xae314d4517d2fe42dbfdac0861a73eff8c769218,POAP,1,,,,,,,,,,
0x1748e6c7332c96521088840de8e80b4e4743ac67,POAP,1,,,,,,,,,,
0x39c5205c8bdf97949eeec5c285e0c0c368d6efa9,POAP,1,,,,,,,,,,
0x139aaf232c99a552890e2c2e71cd0380b01fb2fb,POAP,1,,,,,,,,,,
0xef9c423b05883e08517f692d7be8ddf4f320d090,POAP,1,,,,,,,,,,
0xd5c540ca44a8d10b1bbe0f2f54a919ba66f0d953,POAP,1,,,,,,,,,,
0xa6bd277b3e6c90a53ff251d40375f3a9c525bf88,POAP,1,,,,,,,,,,
0x773f7a0c40df682f5be62a07760b7a28015c58ab,POAP,1,,,,,,,,,,
0x4a8162b74ea4070cf83a3fcef66db7c85a229948,POAP,1,,,,,,,,,,
0xf9906f1529c6b6e916affd51f1cdb0934f3dc73b,POAP,1,,,,,,,,,,
0x8ec7c75b01f4042628727300717e0b32b33802ac,POAP,1,,,,,,,,,,
0xb56af694413653d61bbf9fb2c77d7dbfa44c7792,POAP,1,,,,,,,,,,
0x0aba2a9a84b9dbeb1dbdc227773da9b1ea19414a,POAP,1,,,,,,,,,,
0x5f350bf5fee8e254d6077f8661e9c7b83a30364e,POAP,1,,,,,,,,,,
0xe2850b8d2f55fa7f6b3d4f8484240d94c19efde1,POAP,1,,,,,,,,,,
0xde926c4c49bd9a2e2aec3a2a83b21908e257a3e5,POAP,1,,,,,,,,,,
0x006a8a496889e9983a5256f34b608ee9569ba319,POAP,1,,,,,,,,,,
0xb3bf22f2d4fc205aa9c9e15608fbc20b0e385d29,POAP,1,,,,,,,,,,
0x3848aec8c70406ec2b493a7ad790e9752973d223,POAP,1,,,,,,,,,,
0xac4361f56c82ed59d533d45129f407015d84702a,POAP,1,,,,,,,,,,
0x7ce0448b0fafab6cace981fffa967cf380a2cc33,POAP,1,,,,,,,,,,
0xbe694be8e812ae1a99443b32041142c36597a772,POAP,1,,,,,,,,,,
0x45fb8de238678ff6df85342391b8c9d1877a88e0,POAP,1,,,,,,,,,,
0xd3348bef93d6c2dd82a05c68c69c285dac7115ca,POAP,1,,,,,,,,,,
0x0cef60b5f55418a501e08dc6426d0cd70eba8e5f,POAP,1,,,,,,,,,,
0xf7232859117c8a4018605bf6d231eea04e9937e6,POAP,1,,,,,,,,,,
0xd1a5b91957530e1b3e9cfac1543467c60c352f69,POAP,1,,,,,,,,,,
0xc4a25ae53ddcbc62acacbc0c3f25a38d3bdd77fa,POAP,1,,,,,,,,,,
0x05330bd13edbd6bb1f1ebede8d9f8b0fa592f0ad,POAP,1,,,,,,,,,,
0x0e9b85b830f694f8a792ba721dffe06c7e256588,POAP,1,,,,,,,,,,
0xbbaaf7095e5f4e74b11534532c5d43a3c364bad4,POAP,1,,,,,,,,,,
0x21d5e578dc101a132b1457f8a696e8eeff97a4b1,POAP,1,,,,,,,,,,
0xf094dea89a47775fda83d32b558105b5de0ab2d4,POAP,1,,,,,,,,,,
0xf7232e584fc544d6a5f9a8f050111e2fb5bacfad,POAP,1,,,,,,,,,,
0xa3a8487372103510d2aef56b901be55594d65ec2,POAP,1,,,,,,,,,,
0xa99d561157395a8dae190a7ae2a4ca906391eb67,POAP,1,,,,,,,,,,
0xe42d92a065f2a7b389de91b24797486cd6ae572a,POAP,1,,,,,,,,,,
0x658c7e40fb5426708e21eddc4e2775390eeb42c0,POAP,1,,,,,,,,,,
0x14a5eb6a2434407c1d99b610c3070f4458d56be6,POAP,1,,,,,,,,,,
0xe91e20eb548433b7a75f284c761341a53de150c7,POAP,1,,,,,,,,,,
0xf2dbb4e3b7a569bf1318316ea09e61397702dd0a,POAP,1,,,,,,,,,,
0xe158dcc1779fce4c48c8d3155ec35fae7c52d093,POAP,1,,,,,,,,,,
0x36dd407ed089f6cbfe6624191faf9ddb06d2d7cc,POAP,1,,,,,,,,,,
0xb399c88d2808e28780dcff14f39a90ae5ecc3725,POAP,1,,,,,,,,,,
0x9a6342516b1b209535c3a904ffd5055a45e48e29,POAP,1,,,,,,,,,,
0x42ec7f12e6b84dfe531e52e937614c8c63d0075e,POAP,1,,,,,,,,,,
0xaa75061feff23ea4e329d469f0bec8f96ceb26b7,POAP,1,,,,,,,,,,
0x1b4c3a69ae07d42ba57ef7ae3eba2e924628104d,POAP,1,,,,,,,,,,
0x5410d079d8a9b760a6a12d6e548eda36264da370,POAP,1,,,,,,,,,,
0x10454b05eb75170a20fec4b1ed03586ba8403d20,POAP,1,,,,,,,,,,
0x4d2803f468b736b62fe9eec992c8f4c41be4cb15,POAP,1,,,,,,,,,,
0xba469afe40469f8133a1a261cea6c4e799b38e42,POAP,1,,,,,,,,,,
0x9a0bf4c2cf0569856f658d0033d7e00e28bc6dc4,POAP,1,,,,,,,,,,
0x8304ff5b15606c732418b149a5f73b648269587a,POAP,1,,,,,,,,,,
0xe21c2c8f90e102976f3c25e5a4d833456a2d2516,POAP,1,,,,,,,,,,
0x81b55fbe66c5ffbb8468328e924af96a84438f14,POAP,1,,,,,,,,,,
0xd952fb344ddacc0c0e8c23cc686c10d5dda11a97,POAP,1,,,,,,,,,,
0xc22c362de96ebe900260ce4adf23493b8875bf5c,POAP,1,,,,,,,,,,
0x4fbf8691c84c5818ef35b478451926502ecacd3e,POAP,1,,,,,,,,,,
0xacacc26b44fdb92546e95e5eaa2a1a63fbc79ad8,POAP,1,,,,,,,,,,
0x66fda6b697155fad61694713f4d6b0c02736e2a3,POAP,1,,,,,,,,,,
0xc5cb2cdd2a2dbf6090a30407189701bb24e6318f,POAP,1,,,,,,,,,,
0x9c90928e26da7c2c26ff33fb064ff9d747082149,POAP,1,,,,,,,,,,
0x8ea42a3334e2aab7d144990fda6afe67a85e2a5c,POAP,1,,,,,,,,,,
0x7b6b65b870d43da9abde8cc85528996d7f2009d0,POAP,1,,,,,,,,,,
0xfffc5dbf3651e01275ec26ab055d100414212afc,POAP,1,,,,,,,,,,
0x139f266fcc254e643a021c40cb95ec6459381048,POAP,1,,,,,,,,,,
0x542125efa564a67c0d9be3297b214a85152d07b6,POAP,1,,,,,,,,,,
0x5cd79437abff81c065c1f327e89132d08fe16303,POAP,1,,,,,,,,,,
0x9ec27e293d8896485d2cd592f9e4b6f26161451d,POAP,1,,,,,,,,,,
0x32fb7e574faeaaaf0440b609c117025c182f8c3b,POAP,1,,,,,,,,,,
0xee62cd8ee11731bbddb799f9cd8700dbdb0d7fa6,POAP,1,,,,,,,,,,
0xaa052288600045c5709c2e95d02fa58e79c9f341,POAP,1,,,,,,,,,,
0x3b5799e3de4ddcec59666176a2cccb9fa0245d5b,POAP,1,,,,,,,,,,
0x548b4a7b042fbd4aedc2b640047214d925a1f435,POAP,1,,,,,,,,,,
0x766f7f304336459bcf9c1d6e0eb94bc509b4281e,POAP,1,,,,,,,,,,
0xba51a66e6f2c54e7f6cbc679dd723fae8d814a93,POAP,1,,,,,,,,,,
0x75ba5ee883c2ede43282bde16e38d6ca8edccdf3,POAP,1,,,,,,,,,,
0x2007db9f019db121c8534b3bb779f9fb19282614,POAP,1,,,,,,,,,,
0xe5691dfc88e01c16f46560e1a5e6a5ebf0678bf9,POAP,1,,,,,,,,,,
0x780f3308b5eeef72135f2843a90fe64cc0698fbb,POAP,1,,,,,,,,,,
0x99d34e5e69be421e294f130433e2cdb0f875129b,POAP,1,,,,,,,,,,
0xb2fba7f4384c517e1524846aba89393b3ef42042,POAP,1,,,,,,,,,,
0x4a994e341d98942613f490fd81d65921f5954bd8,POAP,1,,,,,,,,,,
0x899e8f10b289527045b0e549d815d3c8d316a911,POAP,1,,,,,,,,,,
0x3c7d5bb537abae440e0abe552342f422a4b1e6c1,POAP,1,,,,,,,,,,
0x06bc596fb16734f7abc3a5996b580be932c2fb72,POAP,1,,,,,,,,,,
0xd417b6829cf096dd1442339d5b4441a9c0877893,POAP,1,,,,,,,,,,
0x70dd0cef072ec308e6708c20553cd9299d4d4c2e,POAP,1,,,,,,,,,,
0x501783e585936116220b5028c4c22dc9fdb991bc,POAP,1,,,,,,,,,,
0xc6c9d802bc16d8746aafcac4781f9a8d442d585d,POAP,1,,,,,,,,,,
0x9acc748be66b780137ac3693b39454ccdf32197f,POAP,1,,,,,,,,,,
0x1435897bf06becaf783fa3d626d3557f51c4a00d,POAP,1,,,,,,,,,,
0x770752b48839c4d35b5157dafc128b2662e6c0b4,POAP,1,,,,,,,,,,
0xc136fcfb1667e5e882b94941efa104447f248560,POAP,1,,,,,,,,,,
0x4b771e3421d4fbecc6eb67a26af77aca85ef2ac3,POAP,1,,,,,,,,,,
0x1e0c99996f7d1f6b700784c1f72c7b3d3edd1baf,POAP,1,,,,,,,,,,
0xd2bc3f00f8b5dd1159708ada58b42a2b3adb1eea,POAP,1,,,,,,,,,,
0x4271936a2fd403283c6cfb4c0c3c89430d0d4abd,POAP,1,,,,,,,,,,
0x768e933b72cb48c27da79e906eb7cf2c9fa56fe6,POAP,1,,,,,,,,,,
0x24c43cc24e9068073fca79e9fce8d8bd14b9f91b,POAP,1,,,,,,,,,,
0x338158b504f95578d83c532956811f27bcfa439f,POAP,1,,,,,,,,,,
0xac5fd8abbfb2efdb330f627d9d69d1c0909d6316,POAP,1,,,,,,,,,,
0xc0ab96ce308fd93c36d282d939bcb9a60fc69f2b,POAP,1,,,,,,,,,,
0xf05abab203216009f6e41920845ed940c947acc1,POAP,1,,,,,,,,,,
0x6663974e9cfa2a9910a6e27d7074d846684c7c16,POAP,1,,,,,,,,,,
0xf0549d13b142b37f0663e6b52ce54bd312a2edaa,POAP,1,,,,,,,,,,
0x7a40497782f2ad3ab9e9c08e67d5a95641110d52,POAP,1,,,,,,,,,,
0xa1fe8652a26eb29df5a8cad586c9dfb0ecced92a,POAP,1,,,,,,,,,,
0x8f38d2d7094825002e39af5107f61a0699a962a8,POAP,1,,,,,,,,,,
0xf25cad4b9457088b7f1991ef7ee7a40f83ef1879,POAP,1,,,,,,,,,,
0xe626e8ca82603e3b44751f8562b5ed126d345140,POAP,1,,,,,,,,,,
0xf2a32aa3545c06064e9420c5a60878a4bd7c90d2,POAP,1,,,,,,,,,,
0xd498cb6fe841aca66f7acf395d278c2506ee5380,POAP,1,,,,,,,,,,
0x2e1a43010d643da0d648117fde15d17a1fe57df7,POAP,1,,,,,,,,,,
0x66110624d10a25e930690b0efd6bf018acea5703,POAP,1,,,,,,,,,,
0xbc552fcdc59b572f3a09cc82424a483a233f5914,POAP,1,,,,,,,,,,
0xe7e9f9863535db549bf55cba243d4c0acbabaab2,POAP,1,,,,,,,,,,
0xb592157cbca197999c71a8f286a8e2df37a829c0,POAP,1,,,,,,,,,,
0x16d03f5033541da2d33998fdf4c83674162ea8bf,POAP,1,,,,,,,,,,
0x5c6dc84e8284a3fed204c546cb00c149833d1434,POAP,1,,,,,,,,,,
0xef032630a3aa621154b2792c1512779eae1a37db,POAP,1,,,,,,,,,,
0x8022ca68e5ccf9ea419c8ae15411427709945a35,POAP,1,,,,,,,,,,
0xefa21088f3830cd7d9f526ea268f7aaba34f785f,POAP,1,,,,,,,,,,
0xaa7c11e5998fc876ee90d1680e0be3de8f6ff506,POAP,1,,,,,,,,,,
0xffc48a9fe34f2eacaf1267dc5308f7c2ff3405bb,POAP,1,,,,,,,,,,
0xd8ea33bed4bf23b37569e2a37277570c42e976ea,POAP,1,,,,,,,,,,
0xcd6f0ea30c5d3beb3668104a149fad896deab5a2,POAP,1,,,,,,,,,,
0xe0520e692eeda15184e9cf2724d609b841cd1b1f,POAP,1,,,,,,,,,,
0xafaba30769374ea0f971300de79c62bf94b464d5,POAP,1,,,,,,,,,,
0x29bc20827013d24dd74ae3864d89f67383ff5bdc,POAP,1,,,,,,,,,,
0xd14bf29e486dfc3836757b9b8ccfc95a5160a56d,POAP,1,,,,,,,,,,
0x006e88f3893a623ed17f891fad98026395ff757b,POAP,1,,,,,,,,,,
0x1258b93cc472ebe7d97d16947ab82a7189b4dee2,POAP,1,,,,,,,,,,
0x8e3e38452c0215d0ad940574e3db6ba87c645fd2,POAP,1,,,,,,,,,,
0xe4c65d7deccbeef7c339e292a557e681111c46d1,POAP,1,,,,,,,,,,
0x6e7b420cc69d093cdc3d7e8f6e1076123365e92a,POAP,1,,,,,,,,,,
0x0c887420937d8f9305ff872eaa5aaf5e379a811a,POAP,1,,,,,,,,,,
0xba2db0508fc7848972ba96602b19e68b48f13bf3,POAP,1,,,,,,,,,,
0x78f0c4160f307c460c6a2f3d029e1a2b7cfdd392,POAP,1,,,,,,,,,,
0xfa3575d1ab58c6a7549d09df0e6029344a72bbcc,POAP,1,,,,,,,,,,
0x6a22db6db62e23168a387b1ac2edca2967899a08,POAP,1,,,,,,,,,,
0x097a3a6ce1d77a11bda1ac40c08fdf9f6202103f,POAP,1,,,,,,,,,,
0xbbe43612b9b577d5d9cb786324880c01d5792ebc,POAP,1,,,,,,,,,,
0x5a8aa4d60a2491cddf4f12fc8e6b30584da7cd92,POAP,1,,,,,,,,,,
0xb2a13fa5dbc5f2ca5a5855f91bbd081b5d5f3f40,POAP,1,,,,,,,,,,
0x84e1056ed1b76fb03b43e924ef98833dba394b2b,POAP,1,,,,,,,,,,
0x57efcc7607cd2da49d73e8f9c88ed114cbdc5cf7,POAP,1,,,,,,,,,,
0x17a91203a9e9c3519c2f76210497ef7f4be2352f,POAP,1,,,,,,,,,,
0x8efd27a5a585e2220d3d013f24722d8474eaa6f9,POAP,1,,,,,,,,,,
0x6570620407af4dbfe9350c887936dcabd58702e6,POAP,1,,,,,,,,,,
0xa7b301f741bed2bb89492c58074c785623e11265,POAP,1,,,,,,,,,,
0xe88b332014f249e78f641c9dda0f9e1fe7023c8e,POAP,1,,,,,,,,,,
0x58dd7f87f7d94920550ca53e3f4a8e5c54b28664,POAP,1,,,,,,,,,,
0xc9e30d0db2637541a7ebcc0dfa0741c798bcdcd5,POAP,1,,,,,,,,,,
0x87e01fb4b241d6d7b4ef9e0ca2b4b828983197d7,POAP,1,,,,,,,,,,
0xf760e6b91f0d4430533acf0232f904ef3074ac2c,POAP,1,,,,,,,,,,
0x693edbcf118ec982f5a8101498b6c789470b0b89,POAP,1,,,,,,,,,,
0xbb1d9a024fee509d165d6bf3bde693e87735f0ee,POAP,1,,,,,,,,,,
0x344aedd72a51bd30394f9f4cdb754cd4be3c7f51,POAP,1,,,,,,,,,,
0xfce92bdb5d1bba58a844cff9dff8a5e680670ade,POAP,1,,,,,,,,,,
0x09825ac4fb2189bb789c155633b8a78407d64004,POAP,1,,,,,,,,,,
0x3df13b9bd79158f0cccddd0833cf774178e3d2e9,POAP,1,,,,,,,,,,
0xb9bfe49eaf4b98e5062974da12547d99091f1d97,POAP,1,,,,,,,,,,
0xce8d52c38d74b77a0aa361c48fdce6b220a3370e,POAP,1,,,,,,,,,,
0xa565ea02caef7d1b6b5b919f3fcf829647ed50dd,POAP,1,,,,,,,,,,
0x7ed27ab6ce44b19e2c1ee1317b836d4dec1fd7ae,POAP,1,,,,,,,,,,
0xd3ed2b8756b942c98c851722f3bd507a17b4745f,POAP,1,,,,,,,,,,
0xbadaaaf7f5d6cfaa1e69b87e4698442bb0689b67,POAP,1,,,,,,,,,,
0x0cf30daf2fb962ed1d5d19c97f5f6651f3b691c1,POAP,1,,,,,,,,,,
0x114b242d931b47d5cdcee7af065856f70ee278c4,POAP,1,,,,,,,,,,
0xe1e801e4891a88d01a028d8ef34352aa07f188dd,POAP,1,,,,,,,,,,
0xe912bc1f48e05629e94e5e7b7f87dc45e97f9d7e,POAP,1,,,,,,,,,,
0xfe1d177037df1abbdde4c0e4afcde9447f8511d0,POAP,1,,,,,,,,,,
0x7c95f433b10f642292d7230ced6897d9b57b372f,POAP,1,,,,,,,,,,
0x73db21c78a84427377bafab6bbe049b443803fb8,POAP,1,,,,,,,,,,
0x267fcc4022018e319220dd7ad904c340131021eb,POAP,1,,,,,,,,,,
0x5a22754f0df17d0b3c02807afceab578e255d0b2,POAP,1,,,,,,,,,,
0x8db2adba1f8f2b1aaca5a75f0b8be3504a04e5f3,POAP,1,,,,,,,,,,
0x7c69752552ba3aab4cb05ae17c709e3fafb76d0f,POAP,1,,,,,,,,,,
0x20c15672768d4d9d21768c498b5e2fb0123b281d,POAP,1,,,,,,,,,,
0x9f0cfba70719fc84a25a4f18ba6ff101f5be4a71,POAP,1,,,,,,,,,,
0x7459e3045eaa7dfebb7b75c81e840d90ce029511,POAP,1,,,,,,,,,,
0xa7860e99e3ce0752d1ac53b974e309fff80277c6,POAP,1,,,,,,,,,,
0x9afe89355da46f42b37aa58e8334d25db3a66684,POAP,1,,,,,,,,,,
0x76dfe06345afcea4c6dd01e7363cff04766d1181,POAP,1,,,,,,,,,,
0x7f610402ccc4cc1bebce9699819200f5f28ed6e3,POAP,1,,,,,,,,,,
0x038591b6f402534863f66e07135533c063ba03c2,POAP,1,,,,,,,,,,
0xc2bc462bb4ef7fd8d4a350dc9681c676ddf7c0ee,POAP,1,,,,,,,,,,
0x1eaaf618c5bd2a34b0b0204f1b71f34090a61bca,POAP,1,,,,,,,,,,
0x08b9470d5f6a14b642b120d9c4b5c25638502aa2,POAP,1,,,,,,,,,,
0xb1c72fee77254725d365be0f9cc1667f94ee7967,POAP,1,,,,,,,,,,
0xabf1ff91cecd9990b3f29363b62b87fd76f55f4a,POAP,1,,,,,,,,,,
0x9871274111144381f9f676e9b0f6783399fdaf9c,POAP,1,,,,,,,,,,
0x4b29e909ab75b56995ade2b0157acac4fda871d3,POAP,1,,,,,,,,,,
0x4ba32a1926cc3cd2addb19c2edc4bef53b5fb944,POAP,1,,,,,,,,,,
0x0752f0401371314f1ceb83fa93cdd2a99ac42a77,POAP,1,,,,,,,,,,
0xa0215cebb4fbe627cc1c41e81957ca3835dfeaee,POAP,1,,,,,,,,,,
0x9997ee1febf59ef949c1699e9bc7a96785d6186a,POAP,1,,,,,,,,,,
0x42c93e84c810db00c84f91a4bd94a70ab2d9daad,POAP,1,,,,,,,,,,
0xddf5c72bb38f540613951f5c74413035df599e97,POAP,1,,,,,,,,,,
0x15bef7bd3a15569b8b70b6b3d6aa30fc0a80317c,POAP,1,,,,,,,,,,
0x98e4045cad26377a67ed26e92a2024646ddaceaf,POAP,1,,,,,,,,,,
0x75eb7b5522b69fdaee6331ed0c05f6418dc07079,POAP,1,,,,,,,,,,
0x6f104d32458a2e9915495e64d2e34b0874462f82,POAP,1,,,,,,,,,,
0xe239ea692b7b994407408a63b421e09193620938,POAP,1,,,,,,,,,,
0xff550d3d86154190f45cf0f4abe13da9b93faf2d,POAP,1,,,,,,,,,,
0x63fbc0fb7ebf54637506f9ba2e615884d3d2a688,POAP,1,,,,,,,,,,
0x9ff7139026c3040cb537838d7c302f76256107b3,POAP,1,,,,,,,,,,
0x258876ca79f23e33ff99421b889ced62c8d8c9be,POAP,1,,,,,,,,,,
0x7f013bcbc97aee6675389b31b6ffe1821fbde7d0,POAP,1,,,,,,,,,,
0x56fde52faba95d5164dd3fd46509ed7dbd258130,POAP,1,,,,,,,,,,
0xf9a15449216d9d01510fdb17768dcd1845e10f36,POAP,1,,,,,,,,,,
0x56a20d46bca2962d0bc1ecdb694804b02598e1d4,POAP,1,,,,,,,,,,
0xd9ea58f4a8df503d364a4b1136ad62219069a2c6,POAP,1,,,,,,,,,,
0xdcbb4592cff1c51be53306ac0340270282786e34,POAP,1,,,,,,,,,,
0x4d299b88c6b1d88df4534bd9d3d57d1a0a74b1b7,POAP,1,,,,,,,,,,
0x4e22d51e32b4bd6d8b32cdfa7710d21f559b7769,POAP,1,,,,,,,,,,
0x069562b6ce700aa824c3099a44a27416f76daef6,POAP,1,,,,,,,,,,
0xb07b3785e80bacfb6ec656914ef098f9a6a44e2a,POAP,1,,,,,,,,,,
0x0895703c9c6cf9d5b81cc920918156bce59a01b5,POAP,1,,,,,,,,,,
0x31954682fe6b9d0904d6e8b00fd19d5b629ebaca,POAP,1,,,,,,,,,,
0x6dbb3bafaef2f137e56c34c2f39ac33708eb0657,POAP,1,,,,,,,,,,
0x773e317538839d883dedffd6b8838e41f02812a7,POAP,1,,,,,,,,,,
0xfae318107669eb4b2994eb2cc0fc59f517addc08,POAP,1,,,,,,,,,,
0x87e81a42d382a430fe89baed47da03f3a4aad31c,POAP,1,,,,,,,,,,
0x1c7439cba52557aec3847bc61a963fd02f586f57,POAP,1,,,,,,,,,,
0xf451c2b54b52fe68795b03b4354b0d7c83015412,POAP,1,,,,,,,,,,
0x08fde0b08e178549fbba1d4c156bc4739434f43c,POAP,1,,,,,,,,,,
0x35b661c7ecec99a0322f989d05d1bf9cf9049abb,POAP,1,,,,,,,,,,
0xd5243399764febde401136ffd028caa9fc8e3920,POAP,1,,,,,,,,,,
0xb93b6adfbfabf7262f6208f68249cdf49ff390e9,POAP,1,,,,,,,,,,
0xd6bae8722ed651ad950d3d16a1fafc00d3deece2,POAP,1,,,,,,,,,,
0xbfcefe14564fc73dd74324083126f17cefa30e47,POAP,1,,,,,,,,,,
0xd10cccffa9ee0fdb82075d85574a2c12c894be0b,POAP,1,,,,,,,,,,
0x2cf56788e5e06d5ee33051c9ad55d9ceb3988bf4,POAP,1,,,,,,,,,,
0x1f695788cb40ee2cff31694b128599696294fc9a,POAP,1,,,,,,,,,,
0x6e29836e3decb3cce72eecb8d993e8e6bee6fc1f,POAP,1,,,,,,,,,,
0xaeaf8bb1966fbe33a7773c542e8167ab7390748d,POAP,1,,,,,,,,,,
0x11d15c3dc69018b6e03c061b93bb9295eec50de2,POAP,1,,,,,,,,,,
0x123316af6862bd440a18e464f4010aa42c8540a6,POAP,1,,,,,,,,,,
0x9499054d02a725316d61fa896c29d58550ee4a5b,POAP,1,,,,,,,,,,
0x189309369de66281c05b98acbbb7f893dd6abe3d,POAP,1,,,,,,,,,,
0x3ec10509a60b1841da71567dc20e9ccfda123b05,POAP,1,,,,,,,,,,
0xbcd8133bb212f13182af76113683eef177fbd607,POAP,1,,,,,,,,,,
0x72f4532d2c5ddb9b67d676323a38190212f7569c,POAP,1,,,,,,,,,,
0x5db31ab23fb05032f6a9bbb4b535e13471aebbee,POAP,1,,,,,,,,,,
0x4c24933e229f5d63393e22602a4aaff673c3b964,POAP,1,,,,,,,,,,
0xbfd61cbadeab8135dcabf58a912c648897e92cbb,POAP,1,,,,,,,,,,
0xa06dafd65856cac4e80b9081ca6f7581594d2237,POAP,1,,,,,,,,,,
0xdd3b7cfd948d643feb75ea3e07d2dd6b5cff4bd0,POAP,1,,,,,,,,,,
0xc3397236e0ac8948d2acfd42a10634d9bc5ebb18,POAP,1,,,,,,,,,,
0x188cf2786fe9f011056fa4aa1da6870273c493b9,POAP,1,,,,,,,,,,
0x5ba82313d7c37e89f8bfaed11a3cb7ffcf575726,POAP,1,,,,,,,,,,
0x980c92a4894fdf4105434c354860b19a45a704d0,POAP,1,,,,,,,,,,
0x92b48a3e9df16bf36000b5a7e93141673103bc1c,POAP,1,,,,,,,,,,
0x68f4896f33a8b301720d7caeab445950cda659d6,POAP,1,,,,,,,,,,
0x7fecfef13ef2e84e212f398f6c6ed41032cc29a9,POAP,1,,,,,,,,,,
0xa77d02130a9eb6c3b5d43682546ec970af97223b,POAP,1,,,,,,,,,,
0x01b51395a41c791da6d0cf6b5da6a58c8350ed05,POAP,1,,,,,,,,,,
0x7b88df8af7a283e3dc84a7fd97fde19cabb90ed4,POAP,1,,,,,,,,,,
0xc64b11f6cc007e78a4df7a4fa7b135a1a41d9e7d,POAP,1,,,,,,,,,,
0x80292caf76f0e8a4a7b8b105d34c7830bf7a7299,POAP,1,,,,,,,,,,
0x9a36af7035a018d2471b825031552c0043f33e7f,POAP,1,,,,,,,,,,
0x3a9c8c48b0a7a3270e0675b30077abc19fe8923c,POAP,1,,,,,,,,,,
0x869daaa8257abbba3471a909cfa9c728be4d82f4,POAP,1,,,,,,,,,,
0x56d389c4e07a48d429035532402301310b8143a0,POAP,1,,,,,,,,,,
0x1289f94bcc60ed9f894ab9d5a54c21b3d4b3f2da,POAP,1,,,,,,,,,,
0xacf4c2950107ef9b1c37faa1f9a866c8f0da88b9,POAP,1,,,,,,,,,,
0x3cd59579e11c437ae01b323c6c09e7a2f81f30df,POAP,1,,,,,,,,,,
0xe18c444e82ddac4046a55355d97241ec59c7184c,POAP,1,,,,,,,,,,
0x2462433b7874f33b74395d17e8619e8eb9eda5f8,POAP,1,,,,,,,,,,
0x92f9c9ad9874f96db57c66e4e34b607d11cb2999,POAP,1,,,,,,,,,,
0x284e540c527498d5fa5c48bc852155b0e3ba042d,POAP,1,,,,,,,,,,
0xb1dfbd6e2689e045b7b55a4794a59b018d0a931d,POAP,1,,,,,,,,,,
0xa2f763fcd99e93fab0b258040fd8eb51f729e4af,POAP,1,,,,,,,,,,
0x8376039219c5750f49a898826557b0dc5baae9b7,POAP,1,,,,,,,,,,
0x9c9b703e59b0f3bc970ecacf6b442e1d7a801e72,POAP,1,,,,,,,,,,
0x5e7c21defe711bcd5cea1b267d2e87f7913d510f,POAP,1,,,,,,,,,,
0x10f5d45854e038071485ac9e402308cf80d2d2fe,POAP,1,,,,,,,,,,
0x5c4ba7f70cc09585b30e137b36313c24f7dc7c92,POAP,1,,,,,,,,,,
0xf10201cc76ff471d00391ad7271e9e9c0389761f,POAP,1,,,,,,,,,,
0x21532d4267648191bef7a33c813c43cf90a6fa78,POAP,1,,,,,,,,,,
0x9475a4c1bf5fc80ae079303f14b523da19619c16,POAP,1,,,,,,,,,,
0x4c0a466df0628fe8699051b3ac6506653191cc21,POAP,1,,,,,,,,,,
0x26a8fb7d71c562766ce9a28c0de6368caa02c06f,POAP,1,,,,,,,,,,
0x167ec339e5539100bc453ac349f012e194bf85a3,POAP,1,,,,,,,,,,
0x98d562c7a4781e3e6c0d16f67469b0a3b0cb25c7,POAP,1,,,,,,,,,,
0x77aa4bf0df4b6729730ea08c78a624673ce63dee,POAP,1,,,,,,,,,,
0x63bce35a9cabe0d4446cf22a9be819b3fa6305f6,POAP,1,,,,,,,,,,
0x552cf430ceb38cc25acc33a7dc781f288503a90b,POAP,1,,,,,,,,,,
0x918cd54a7c8fc49b311826692e318f0ab898c0cb,POAP,1,,,,,,,,,,
0xb11f606fff7040d5b0a23a6a08468ba76d5d241d,POAP,1,,,,,,,,,,
0x69b0ed68722a6634f30b9b183aa548d1b5492bd2,POAP,1,,,,,,,,,,
0x72ba1965320ab5352fd6d68235cc3c5306a6ffa2,POAP,1,,,,,,,,,,
0x68f9d801c96ac6ccf562f3600cef77c4504449b6,POAP,1,,,,,,,,,,
0x9a5e4d421d72bc1835e6a7b9658ca1924d12d0e0,POAP,1,,,,,,,,,,
0x5a384227b65fa093dec03ec34e111db80a040615,POAP,1,,,,,,,,,,
0x3bdcd88a9639f85818ed5a35e2abf6292d9b0377,POAP,1,,,,,,,,,,
0x4a8f6434499f8c9371a98db9824b4b8ae2ba9fe2,POAP,1,,,,,,,,,,
0xa2113f1e9a66c3b0a75bb466bbbfeeec987ac92e,POAP,1,,,,,,,,,,
0x8cb85b3fae649b1ce508dcd31dcb0b9023a1fb2d,POAP,1,,,,,,,,,,
0x34da5465d14054756814ada90b50285d2ec72057,POAP,1,,,,,,,,,,
0xd1220a0cf47c7b9be7a2e6ba89f429762e7b9adb,POAP,1,,,,,,,,,,
0x1a0b8eb610ed3489b577892950bb6be36358167d,POAP,1,,,,,,,,,,
0x0b66da2871b9545eda8082d9f78f09c3e3d7dc5e,POAP,1,,,,,,,,,,
0x0078dcf16bd12320bab31a856e9497245ff50bfc,POAP,1,,,,,,,,,,
0xd8da6bf26964af9d7eed9e03e53415d37aa96045,POAP,1,,,,,,,,,,
0x1dba1131000664b884a1ba238464159892252d3a,POAP,1,,,,,,,,,,
0x19e3293196aee99bb3080f28b9d3b4ea7f232b8d,POAP,1,,,,,,,,,,
0x866b3c4994e1416b7c738b9818b31dc246b95eee,POAP,1,,,,,,,,,,
0xac9ba72fb61aa7c31a95df0a8b6eba6f41ef875e,POAP,1,,,,,,,,,,
0x52e2a3b644f25e30fb75d03a1249a45492f00de9,POAP,1,,,,,,,,,,
0x399a94a4089a5061161f950b37018544fb32a9b4,POAP,1,,,,,,,,,,
0xf3e2998723dc28052b915fb6aeb0dbfb8bde2113,POAP,1,,,,,,,,,,
0x17dc4aa0227a4d4f3b4196196dc9bfad08ec8e57,POAP,1,,,,,,,,,,
0x476791bb7a946fddb419de7f6b90f7219946f319,POAP,1,,,,,,,,,,
0x06c2c4db3776d500636de63e4f109386dcba6ae2,POAP,1,,,,,,,,,,
0x068484f7bd2b7d7c5a698d89e75ddcaf3a92b879,POAP,1,,,,,,,,,,
0xa903b19357b96603c7574fe9145fd8ab6bd3c6f1,POAP,1,,,,,,,,,,
0x916986deea4a3f031f82b0412f17dbcff9fa39d2,POAP,1,,,,,,,,,,
0x1b63142628311395ceafeea5667e7c9026c862ca,POAP,1,,,,,,,,,,
0x6dfafe40fb06bebdc5f44d9d085da6328e281db8,POAP,1,,,,,,,,,,
0x07f0571566E4b07eA825798A70Fd67fE79077f4E,POAP,1,,,,,,,,,,
0xf2dCB1d3B7091Dcf2cE87aD115377C108ebE6DD4,POAP,1,,,,,,,,,,
0xc4c459668fb29833D7Dee997d7D347e2634C9CEF,POAP,1,,,,,,,,,,
0xe03a2766325d914898cdA00d4EF927A305786Aa7,POAP,1,,,,,,,,,,
0x1434b95234155DA830c20d02548aF22f14A38FbE,POAP,1,,,,,,,,,,
0x876133657F5356e376B7ae27d251444727cE9488,POAP,1,,,,,,,,,,
0xCC6B0a35481EA40b60780B7c0294c6c29061038f,POAP,1,,,,,,,,,,
0x9834b17a29652e317202109C2e624FE0A32A1383,POAP,1,,,,,,,,,,
0x79d31bFcA5Fda7A4F15b36763d2e44C99D811a6C,POAP,1,,,,,,,,,,
0xfb2a9c3afb1f0d71c8fcd548da12c22ca36409b4,POAP,1,,,,,,,,,,
0x0Ea7d69Be83460913E8b6428302d468BDa585D1b,POAP,1,,,,,,,,,,
0x74d754378a59Ab45d3E6CaC83f0b87E8E8719270,POAP,1,,,,,,,,,,
0xa1a0cb3ce40dc9ef78f05563047f286640dce552,POAP,1,,,,,,,,,,
0x429882f4Ee6eFeF049ac273BF2abF89E6cB906b6,POAP,1,,,,,,,,,,
0x18c18803a9eb6E032F50E97e6637cA8f811Cc118,POAP,1,,,,,,,,,,
0x6e6c53f81e310d53387dc2166ee9a632cf768fa1,POAP,1,,,,,,,,,,
0x72E772A305cA37321e2461770896F607F6B41844,POAP,1,,,,,,,,,,
0xB4EBA2c82c248584a2DA0c75e1168D3b931D18af,POAP,1,,,,,,,,,,
0x4DF37CC3C48eC3EB689c8Bf0D91249cE2506f73B,POAP,1,,,,,,,,,,
0x4f9C70C7F0480fFeDefd32565fb05eFd23d53726,POAP,1,,,,,,,,,,
0x764312Ef291900eF32be90dd3Eb5a1bfa6788E84,POAP,1,,,,,,,,,,
0x192bDD30D272AabC2B1c3c719c518F0f2d10cc60,POAP,1,,,,,,,,,,
0x6262f720679C04cc7f2a14c0c03486D0287c4853,POAP,1,,,,,,,,,,
0x714Af4c78135Ec866a3cd34755BDB59cdb9b7246,POAP,1,,,,,,,,,,
0x6995870D9890e10979aFCbDEA5d8D249e969822D,POAP,1,,,,,,,,,,
0x1708bdfa333F81993A1eDcFEc6821a3Ec563eA06,POAP,1,,,,,,,,,,
0xEfC711B22F4fDbCBC221aC7c116e90c699D0b708,POAP,1,,,,,,,,,,
0x819681641e07e80F817a34f82400DeBcc2579b98,POAP,1,,,,,,,,,,
0xd822554aBe37B52E34D0C599EC828dC8C46721FF,POAP,1,,,,,,,,,,
0x859e1Dfb430A7156fAEF11947F2FC2a3C34B733A,POAP,1,,,,,,,,,,
0x8595B7e8F4d3287248DB45AcA4Ba4EaCFe4Ab78e,POAP,1,,,,,,,,,,
0x38bce8c1ca5a061aa8e2b4750c18ba3efb27ced9,POAP,1,,,,,,,,,,
0x210b0D0694ff95c99dD693DD89CDF2f88de6beC4,POAP,1,,,,,,,,,,
0xf7108923aD53c6Ef90B6673bb3EC4Af59342339F,POAP,1,,,,,,,,,,
0x8DB32d6ECCe6b7a3DBEbFAEbE9B329022EC86aCF,POAP,1,,,,,,,,,,
0x8b8f9A972B19A26287b28162e49787a1f3ec5A32,POAP,1,,,,,,,,,,
0x644AEDa9E5797474B28A656d9e2016A927B0aE1B,POAP,1,,,,,,,,,,
0x41866fbD59371800a7A6A2e314641CD69Cd7247D,POAP,1,,,,,,,,,,
0x8b21033337a7066bCFf10Fe0b3CA2A9DA1c58A1d,POAP,1,,,,,,,,,,
0xc9535b697E0B430798443c6CA5A8Be257aD368b0,POAP,1,,,,,,,,,,
0x522DFfc539c264A8f7E0B91102E899b33f4DAbc3,POAP,1,,,,,,,,,,
0xfB767Bcde95F4a30231c31E9aC53cCAe62fe2b98,POAP,1,,,,,,,,,,
0x6A897b32996D342535791a74B8a40E75DDf2486e,POAP,1,,,,,,,,,,
0x886241e011A6C148bdD96B097EB27962f8A1c5F0,POAP,1,,,,,,,,,,
0xa806D8B9be2C56376264F81F62416cB704ce81BD,POAP,1,,,,,,,,,,
0xB768c53CB0E6E38716C8340c104335ffDB64B59A,POAP,1,,,,,,,,,,
0xa6E381D8204d9F407C1a9e5EA4dFa433a75188C3,POAP,1,,,,,,,,,,
0x95687C27DcE4D413a91A0E1fd0478F4751da8730,POAP,1,,,,,,,,,,
0x6666660cbB363fc48E0f06C9239641c3302ed862,POAP,1,,,,,,,,,,
0x855eAb463C41F6Ba5DE353c462878D930d7895Ea,POAP,1,,,,,,,,,,
0x00e9114dbFeb686eB736f78Aa481eD0528e200a8,POAP,1,,,,,,,,,,
0xee680e5c2C5251261061F12BA3a5c470D2B6AE83,POAP,1,,,,,,,,,,
0x50B6d717429F56527676d2431aAA5b3f0FA26a93,POAP,1,,,,,,,,,,
0xd5a2686B02A15b5269848DEe6e913F07F459782E,POAP,1,,,,,,,,,,
0xcdc82d78cb49d4baa06d0988afdd27261b0667b2,POAP,1,,,,,,,,,,
0xF4F56fA0D045ae0e6Ba8f82e2C32887FE0B152Ea,POAP,1,,,,,,,,,,
0xd295584135829D89427674B72560222B06E08a15,POAP,1,,,,,,,,,,
0x20Eb6C4F1221C3D3029761C396eceDA6114e1A05,POAP,1,,,,,,,,,,
0x08f613Db560a38c330414062e1Aac22e5f80876F,POAP,1,,,,,,,,,,
0x611DaBF15f0077c64fDB5067376Ad593191e65F3,POAP,1,,,,,,,,,,
0xA9c2ce9dcc090af921FB0a1F874962F65A4b6D9b,POAP,1,,,,,,,,,,
0x2272a321f0151189d66881f5C0971899897eF71B,POAP,1,,,,,,,,,,
0xa9F3B26C5Fe081669f88B48a59B370edFDf3e4a1,POAP,1,,,,,,,,,,
0xCC9C3D6ed709D47255815FF5b5BB17A745B7CEED,POAP,1,,,,,,,,,,
0x5599b4EAdDd319e2F462b27fC8378B0BFaD309CA,POAP,1,,,,,,,,,,
0x9843C8a8263308A309BfC3C2d1c308126D8E754D,POAP,1,,,,,,,,,,
0x0590C193Aa1E23849263FF52Ef769F4CDdb6e947,POAP,1,,,,,,,,,,
0x52cAC9F2df3068107c95DB3Acf3f6B1256d75E45,POAP,1,,,,,,,,,,
0x46686E5420B34d5950d37855291d970fBa5527b6,POAP,1,,,,,,,,,,
0x14Ca9669A2D8E353560b85474575c5FfDe245220,POAP,1,,,,,,,,,,
0xE85D65E3927451cCC130457e75bF83ee1a5B85c6,POAP,1,,,,,,,,,,
0x675454Ae78d25632fC26763Fa9CB72a99Cb0A36e,POAP,1,,,,,,,,,,
0x8638c0a8C936DeFaCB575a2AD5B103F2a3876cE7,POAP,1,,,,,,,,,,
0x7bFbaBDa21BEEBB17E284901BfC41E942F8128C8,POAP,1,,,,,,,,,,
0x0ed7C72398379F60CeEC0659E3AD6bFdBAa465a8,POAP,1,,,,,,,,,,
0x195d5C9A18348765F2BD62a7dc8D389554a28d82,POAP,1,,,,,,,,,,
0x61BE34fFb735B792ad9126E5b0e4c00b0f5e1273,POAP,1,,,,,,,,,,
0x367bF4A80DA0Ed955DbeFb228c60fDf20C2f85B2,POAP,1,,,,,,,,,,
0x3df615fd0db1e44db65716089cbc1d8f7d572ea6,POAP,1,,,,,,,,,,
0x440eeef2cea79bc4af1ab533d4b381d453dfc900,POAP,1,,,,,,,,,,
0x4Dd980Ae601dB0a0856F3B7ABd6DD155Efa67b9D,POAP,1,,,,,,,,,,
0xEFAD0017ee6bcD0F38a8e559761493aA5C433FEA,POAP,1,,,,,,,,,,
0x0e815C6156E2BE737bd8e81D145D816A517CEBa1,POAP,1,,,,,,,,,,
0x1b4Cad2Cb2AD1B4dF797AaCf046576A8d75AcD45,POAP,1,,,,,,,,,,
0x426DC9dCB3C0d6A283268B4bb51AeC48CEB18854,POAP,1,,,,,,,,,,
0xB649642DEe8E9E25b21cfc67DA7DCf86828dd60D,POAP,1,,,,,,,,,,
0x79406759dcf50601263865386e747db8ee2f562b,POAP,1,,,,,,,,,,
0x6840a08B4e51Cd863BbE6c902b60C59dBCA85f97,POAP,1,,,,,,,,,,
0x945D28dF9779795BDab5BC6FDD9f36c0Ef1F7190,POAP,1,,,,,,,,,,
0x8efe50a4b8c8b64fdc93a5b1712fd735d8223cd5,POAP,1,,,,,,,,,,
0x319DCd0306908Ce08Ffa6F5e5b6B6a4ff8CCB9DE,POAP,1,,,,,,,,,,
0x60959ed8307ee2b0d04306f6b319aeee8864f1ee,POAP,1,,,,,,,,,,
0x840B1dC2abb99f1F86D549303719610F346B2aaF,POAP,1,,,,,,,,,,
0x6E1DA38F9d9D87ce228234a570D992D4DB294fA1,POAP,1,,,,,,,,,,
0xf533f2AB9460DB8d665DDe79773F20eCfB35f860,POAP,1,,,,,,,,,,
0x6823636c2462cfdcD8d33fE53fBCD0EdbE2752ad,POAP,1,,,,,,,,,,
0x5Ac56257422bF362cec13a4367F86dd0a340f79a,POAP,1,,,,,,,,,,
0x75aAfefc48D23C65F49603491630308DcBd468f5,POAP,1,,,,,,,,,,
0xE9D18dbFd105155eb367fcFef87eAaAFD15ea4B2,POAP,1,,,,,,,,,,
0x475bF2eaf0c54a457c7979764b6dF973F4915964,key individual,5,,,,,,,,,,
0xcB1a413d8D08b6E8197a3F02d38605d6eFD486c7,key individual ++,10,,,,,,,,,,
0xae6Ed364a362ADBEC7Ac4a298BC9537C588694c1,key individual ++,10,,,,,,,,,,
0x47b78ACC6D29428F128Eb04B467D316e548e4B89,key individual ++,10,,,,,,,,,,
0x935D2fD458fdf41B6F7B62471f593797866a3Ce6,key individual ++,10,,,,,,,,,,
0xb453A1B16De1A0C930Ce630331A52bE9ae5586a3,key individual ++,10,,,,,,,,,,
0xfA53D837B5dDd616007F91487F041d27edb683A0,key individual ++,10,,,,,,,,,,
0x648aA14e4424e0825A5cE739C8C68610e143FB79,key individual ++,10,,,,,,,,,,
0x85f0Ad9533aea4fdc870a8B93B0F7e71c018eFcD,key individual ++,10,,,,,,,,,,
0x82e5a7441870FB67DA9B9be3B135DA1303bB464E,key individual ++,10,,,,,,,,,,
0x019Ed608dD806b80193942F2A960e7AC8aBb2EE3,key individual ++,10,,,,,,,,,,
0x04BBB7eA18EA570aE47d4489991645E4E49bBf37,Snapshot,1,,,,,,,,,,
0x06F398ce76aCc1fCE97B7Cab0eb2a96BA9230c9b,Degenscore,3,,,,,,,,,,
0x0fb20260d3E8b9D3023Ca3A5d3423Da7C316e6a8,Degenscore,3,,,,,,,,,,
0x13224F6760C29f4Da18ee3Fc5436e64010f0c1b0,Degenscore,3,,,,,,,,,,
0x1A8167907256ECE255be4563c141C88EE16427CA,Degenscore,3,,,,,,,,,,
0x1aaF5e41c2c73617bc120097547A3410CaF6718A,Degenscore,3,,,,,,,,,,
0x2068D14Ee50772DD6e89c6F64F32Adad0Cc936Ef,Degenscore,3,,,,,,,,,,
0x20eA21B8C700c9186F4F910db0A39578F13156EA,Degenscore,3,,,,,,,,,,
0x24878Dc8aedEAF05c7097bBFe65a97c2fC13d15e,Degenscore,3,,,,,,,,,,
0x2F595C056e785E13579128DF27cAD2968d034BA4,Degenscore,3,,,,,,,,,,
0x31A406EfBD18897c85A028CA2Ad9Bbf06FebAA2c,Degenscore,3,,,,,,,,,,
0x34868ed83815AaA53cD1F85032Beaee678A9e8de,Degenscore,3,,,,,,,,,,
0x34EcfCa1dD05f10bdFB2A6EA4678388a00791aEF,Degenscore,3,,,,,,,,,,
0x382Cab376440F92d4943f8b47Dd45645CF98BE0C,Degenscore,3,,,,,,,,,,
0x38dAEa6f17E4308b0Da9647dB9ca6D84a3A7E195,Degenscore,3,,,,,,,,,,
0x3A409EfF50A47aEeF294E3f0BB3874490dD99abc,Degenscore,3,,,,,,,,,,
0x3Ec6732676dB7996c1b34E64b0503F941025Cb63,Degenscore,3,,,,,,,,,,
0x41E260E8F07615418968C5Fc7D10e277Cf7eaB56,Degenscore,3,,,,,,,,,,
0x421A8A0C6388FaA1550E2636538d8d7605a8cEde,Degenscore,3,,,,,,,,,,
0x42aDD773B02585dbAF024Db751d8944618aDa20A,Degenscore,3,,,,,,,,,,
0x431b5DDB0AcE97eBC3d936403ea25831BaD832B6,Degenscore,3,,,,,,,,,,
0x47F7EA0dd4418AA1cec00786F5C47623aC37bA42,Degenscore,3,,,,,,,,,,
0x4FA4167b3C94A80416bBc768fB919BF3AcE9F8C2,Degenscore,3,,,,,,,,,,
0x4cB75146e98562C9d79b31649C6C739e4DCB7CD5,Degenscore,3,,,,,,,,,,
0x52B0c756d6f36af804C51211BD5A1fA4AB5dc911,Degenscore,3,,,,,,,,,,
0x52d0Fc347560cC997f87984200F4a9344eCDC597,Degenscore,3,,,,,,,,,,
0x5805EC51c516e3aa9907D2dbfFeA7F267B1baA23,Degenscore,3,,,,,,,,,,
0x5A4B09693CcaA2c3218592D0bAFa7788A01F4600,Degenscore,3,,,,,,,,,,
0x5dBC6208Cc2eCB91943355486987AB89B6E7DC2A,Degenscore,3,,,,,,,,,,
0x63DaE0946A44eeeAD00C8B30ec206Fda63F7DFE1,Degenscore,3,,,,,,,,,,
0x679B4172E1698579d562D1d8b4774968305b80b2,Degenscore,3,,,,,,,,,,
0x67D6140FDa661346ad4785F35412aa43fA3224b1,Degenscore,3,,,,,,,,,,
0x6D29eB3fE1229DCcCaFe51A085234A0c76Ef6c8e,Degenscore,3,,,,,,,,,,
0x6a5dBF2Fb5206EC8192620810C3edB6d5e62B188,Degenscore,3,,,,,,,,,,
0x6d0BBe84eBa47434a0004fc65797B87eF1C913b7,Degenscore,3,,,,,,,,,,
0x6d8d524dbE93B62995285D6be5Fbf3d0CCC0f2FF,Degenscore,3,,,,,,,,,,
0x716722C80757FFF31DA3F3C392A1736b7cfa3A3e,Degenscore,3,,,,,,,,,,
0x75FD2BEA5C16F587565770250d638d967f982953,Degenscore,3,,,,,,,,,,
0x767A60F295AEDd958932088F9Cd6a4951D8739b6,Degenscore,3,,,,,,,,,,
0x76Da9F88e63a85Ba8BFA19F3821D5A271753D3dc,Degenscore,3,,,,,,,,,,
0x76d2DDCe6b781e66c4B184C82Fbf4F94346Cfb0D,Degenscore,3,,,,,,,,,,
0x786694B02F1d331Be540e727f1F2a697C45b57E4,Degenscore,3,,,,,,,,,,
0x78A18DdEcDa44F7d298d9B37512ED8a7f6B226C7,Degenscore,3,,,,,,,,,,
0x7Ed7380023e63B1F59D546Fd9B8E982f2A31ca73,Degenscore,3,,,,,,,,,,
0x7bcD790D1282622dA859625F3786bE9F33042d50,Degenscore,3,,,,,,,,,,
0x7d4D64A7b34310D5Cfc19181b2A526cdCF462cec,Degenscore,3,,,,,,,,,,
0x8330A84D3C16A55302f921C36979B1067418053a,Degenscore,3,,,,,,,,,,
0x887C3599c4826F7b3cDe82003b894430F27d5b92,Degenscore,3,,,,,,,,,,
0x88Bd639d6B029596B029c61490F29f57b0bF4a3f,Degenscore,3,,,,,,,,,,
0x8a4a50B13Fd2cb36FeB96c408CB98B4c9F2b8F25,Degenscore,3,,,,,,,,,,
0x8bC8b4E4921101BcC56ec084b906069b73de7276,Degenscore,3,,,,,,,,,,
0x8c80c1FE10912398Bf0FE68A25839DefCaef588e,Degenscore,3,,,,,,,,,,
0x91A502BaE962c2C5DA1FeC8c4EC69f2A2A84a283,Degenscore,3,,,,,,,,,,
0x959f8c10f1858c47344DcaCa1F9850128Fdce825,Degenscore,3,,,,,,,,,,
0x987f05B5eEB8B30b02329D3888bebc3a7424e999,Degenscore,3,,,,,,,,,,
0x9Bc54B27D43c0DE1683ce9f9266D6bC22F687c3B,Degenscore,3,,,,,,,,,,
0x9Fc7EEACD27d38a436462BB43AD97E49106820D7,Degenscore,3,,,,,,,,,,
0x9b616Ac1D31F17Be9B23560d93699cA7732e2808,Degenscore,3,,,,,,,,,,
0xAb769309EbCEEDa984E666ab727b36211bA02A8a,Degenscore,3,,,,,,,,,,
0xB6bd1b9b3e6e3512BB354789289f6d8FBc0F65BC,Degenscore,3,,,,,,,,,,
0xB72eD8401892466Ea8aF528C1af1d0524bc5e105,Degenscore,3,,,,,,,,,,
0xC34aE1A39662415a4720d4A3e7C2Be0E202568C2,Degenscore,3,,,,,,,,,,
0xCB53a818042Db647cb01672751B0E4efCa29cF55,Degenscore,3,,,,,,,,,,
0xCEF28ce7884Ae973990fb826C1986afaa9319B9A,Degenscore,3,,,,,,,,,,
0xCc2005844AeABbd4d663f7C45C9bd1369eb062b3,Degenscore,3,,,,,,,,,,
0xCf2b7c6Bc98bfE0D6138A25a3b6162B51F75e05d,Degenscore,3,,,,,,,,,,
0xD5231D23eD357409a538541358A4A6a0496B22cd,Degenscore,3,,,,,,,,,,
0xDC6657A6e3eE8ec7004DADD99A7A030b975556f8,Degenscore,3,,,,,,,,,,
0xE1A2CdD4FB58Eee09da78Db898ADBaDCfE5f1780,Degenscore,3,,,,,,,,,,
0xE5c80A7963C0d8f4aB9c0bB8d854E47594Cf9394,Degenscore,3,,,,,,,,,,
0xEFde6a97AF618AD407211C3D5d494BC257948208,Degenscore,3,,,,,,,,,,
0xF01B0ddebd3C22125ac691489A856d7e562bA534,Degenscore,3,,,,,,,,,,
0xF7e8cAeFa7A22999AA7a2DFe7bE570DbB341afB1,Degenscore,3,,,,,,,,,,
0xFFd92144CAfD599A5A93E4805CA4d8f0E666D623,Degenscore,3,,,,,,,,,,
0xFe3Fd57379b65Ba4B0fe1E481e07E969153ACaE1,Degenscore,3,,,,,,,,,,
0xa1b1A631c0c1dD4899deC7C343Ee59aD21867803,Degenscore,3,,,,,,,,,,
0xa5b7891cfebDCf04B62Ede5D68E7cE524d4Cdc86,Degenscore,3,,,,,,,,,,
0xa734288DA3aCE7F9a5e5CAa6Df929126f2e67d52,Degenscore,3,,,,,,,,,,
0xa77CE92A601D504a6D64af843EB5a3994616969c,Degenscore,3,,,,,,,,,,
0xaE256cD2d13353e549d09aEA8D4105c8d1cc09d8,Degenscore,3,,,,,,,,,,
0xb4CaA764e2bf087f1a7a0ceC43250892022787d9,Degenscore,3,,,,,,,,,,
0xbAA32387bd55553Ec806622d524b12BbB8242a19,Degenscore,3,,,,,,,,,,
0xbEB439195367d87184733bAdb1f4F26A7df9C576,Degenscore,3,,,,,,,,,,
0xbd7dbb5886786AF713eBb1841323C528699BD92D,Degenscore,3,,,,,,,,,,
0xcb7958Ddf673Aa8f21614346d3E1c46182A9454d,Degenscore,3,,,,,,,,,,
0xd08Da3621A547d7D7Cb07425e6AA6679C566e40F,Degenscore,3,,,,,,,,,,
0xd83256a8BB182e7BE2382550Ed24861C71108d35,Degenscore,3,,,,,,,,,,
0xeFD67615d66E3819539021d40E155e1a6107F283,Degenscore,3,,,,,,,,,,
0xf4e22849bC1162082Cc7Ae62F23c25aCabEbfcEF,Degenscore,3,,,,,,,,,,
0xfAf6f09DF88E79fa2A92B18C676314b1e47A4468,Degenscore,3,,,,,,,,,,
0xfdc79905818Aa8e0ff637c2627C98B1E8B5A54b5,Degenscore,3,,,,,,,,,,
0xf7476Db5B717aC661C027e684456115ab1e728C3,Degenscore,3,,,,,,,,,,
0x9aC41e441131d8BAD5f165c2a8dd71e5F7BfaEA8,Degenscore,3,,,,,,,,,,
0x186baD94057591918c3265C4Ddb12874324BE8Ac,Degenscore,3,,,,,,,,,,
0x14Ce500a86F1e3aCE039571e657783E069643617,Degenscore,3,,,,,,,,,,
0x945294C67752BD0A453975c04e3078c487a858df,Degenscore,3,,,,,,,,,,
0xc9cA00D51b5E56A065d97922ffF86Ff96123685d,Degenscore,3,,,,,,,,,,
0x00493aA44BCfd6F0c2EcC7F8B154e4fB352d1c81,Degenscore,3,,,,,,,,,,
0x7f8c1877Ed0DA352F78be4Fe4CdA58BB804a30dF,Degenscore,3,,,,,,,,,,
0x81D98c8fdA0410ee3e9D7586cB949cD19FA4cf38,Degenscore,3,,,,,,,,,,
0xf3aFc2383a0B45ae73D77B49dF7F2184B1Ad4B90,Degenscore,3,,,,,,,,,,
0x0d6E94D085A597f316bE1833649e05a45103e873,Degenscore,3,,,,,,,,,,
0x5b02dA8420dd9F77a33C6E2b22Dc87fE22c17a30,Degenscore,3,,,,,,,,,,
0x049808d5EAA90a2665b9703d2246DDed34F1EB73,Degenscore,3,,,,,,,,,,
0xA92A40457E419c5EC245A646da09112cDcC6cfb6,Degenscore,3,,,,,,,,,,
0xb83Ac7549db7774aB59117483933bCF11f27C090,Degenscore,3,,,,,,,,,,
0x4A40Eb870DcF533D4dC097c3d87aaFE9f64490A1,Degenscore,3,,,,,,,,,,
0x2993E1D02b11377f44455AEdc618C705acbb0591,Degenscore,3,,,,,,,,,,
0x8847EBaaf29A18396e49191602f8d8D141b98aa7,Degenscore,3,,,,,,,,,,
0xB965d68052B849B29fE25497C51659BF9678bC9B,Degenscore,3,,,,,,,,,,
0xFA45D06f58A59F2775796ea6098E780ae87640f1,Degenscore,3,,,,,,,,,,
0xc88d7DC8Dfa23d3769f7e8241f761D09A10D9831,Degenscore,3,,,,,,,,,,
0x9FB438f1a292fbdaF4f569a8f2e2E2972c0172eC,Degenscore,3,,,,,,,,,,
0x9BB6aCEE72Ef687E9e0bB1B78C908526D967B745,Degenscore,3,,,,,,,,,,
0x44265daE5c21110b0dfDd421503CE3e1CA3280a5,Degenscore,3,,,,,,,,,,
0x14b889B25e70f60D8Dc0aa5F10c83680add61351,Degenscore,3,,,,,,,,,,
0xA99C4F924a167cdEc1486aa9920de70A48455Ab2,Degenscore,3,,,,,,,,,,
0x094e4b82a5722271546CCa99c8C351BD840669AE,Degenscore,3,,,,,,,,,,
0xF5b18c7BB5D760a7c899E0c48d855DC5A49f1949,Degenscore,3,,,,,,,,,,
0x3DF10334531A3c86590245e12Be0104Dd3459159,Degenscore,3,,,,,,,,,,
0x014607F2d6477bADD9d74bF2c5D6356e29a9b957,Degenscore,3,,,,,,,,,,
0x92a4F58009dF9eaC5f2AF6d05977683639f0060e,Degenscore,3,,,,,,,,,,
0x49E53Fb3d5bf1532fEBAD88a1979E33A94844d1d,Degenscore,3,,,,,,,,,,
0x07c2af75788814BA7e5225b2F5c951eD161cB589,Degenscore,3,,,,,,,,,,
0x185C034Bdc0ca1d66Dc75650D33DEA190315595b,Degenscore,3,,,,,,,,,,
0xE6C486eb5f5cC2C64b53AB6c3942986D648C9b89,Degenscore,3,,,,,,,,,,
0xF4844a06d4f995C4c03195AfcB5Aa59dCBB5b4Fc,Degenscore,3,,,,,,,,,,
0xDecd4b961B1984c44AFbADbE2844777A627572aA,Degenscore,3,,,,,,,,,,
0x4532280A66a0c1c709f7e0c40B14b4dEA83253C1,Degenscore,3,,,,,,,,,,
0x6C13FC8EF50144A21702415d57ece0A09879fCFb,Degenscore,3,,,,,,,,,,
0x18C6A47AcA1c6a237e53eD2fc3a8fB392c97169b,Degenscore,3,,,,,,,,,,
0x79C4213a328E3B4F1D87b4953C14759399dB25E2,Degenscore,3,,,,,,,,,,
0xd61daEBC28274d1feaAf51F11179cd264e4105fB,Degenscore,3,,,,,,,,,,
0x5691CCeA44Fc4a53886fF1b8666c89321f73C49D,Degenscore,3,,,,,,,,,,
0xDa5B7F6d7c32DBC04e3eA7e0E9b1EED6342275B1,Degenscore,3,,,,,,,,,,
0xF2398a92aF4619843A08e3C34e5A23918EB4cD5A,Degenscore,3,,,,,,,,,,
0x410DCF5bc94A68C8de5Ae99c18A89a3a8946462c,Degenscore,3,,,,,,,,,,
0x10D2a2cCddbf3Ed58BA4722A30d97660A01EE270,Degenscore,3,,,,,,,,,,
0x16a3C4AB0db726beE89aD1b563b3eEf21C4C0406,Degenscore,3,,,,,,,,,,
0x327b9dEe1830F8201efa751fd96F7B1aD0b300A1,Degenscore,3,,,,,,,,,,
0x843aa999827ae6d187F8a5b6ab4afB1B1597551D,Degenscore,3,,,,,,,,,,
0xcd882Ea4a38968f5d8ae4d7c77d8C20317A2Dda0,Degenscore,3,,,,,,,,,,
0x38430336153468dcf36Af5cea7D6bc472425633A,Degenscore,3,,,,,,,,,,
0x81aA6141923Ea42fCAa763d9857418224d9b025a,Degenscore,3,,,,,,,,,,
0xc35B9b6990C4DAf088aD44036a42b2c3D6466687,Degenscore,3,,,,,,,,,,
0x94C99D650415CF4119Dd6398DBC160a4B3952c78,Degenscore,3,,,,,,,,,,
0xd353bDE2c00ca5EE95461031808aD34Bcb2c78cA,Degenscore,3,,,,,,,,,,
0x3AA6605d87f611E43aD0a64740d6BeF9b80FCD2C,Degenscore,3,,,,,,,,,,
0xe88cAc4e10C4D316E0d52B82dd54f26ade3f0Bb2,Degenscore,3,,,,,,,,,,
0x0c4243ca087F4e4738596F33292064e847DA80dA,Degenscore,3,,,,,,,,,,
0x81D4cf8A3892557e4a1571e97b88f0351eF0dcFD,Code4rena,3,,,,,,,,,,
0xfa2Df13a636b8F2FAaA179785797f1f16fDdF8ED,Code4rena,3,,,,,,,,,,
0x63D43942A69b961E398A0F7C260bC3718d320eE2,Code4rena,3,,,,,,,,,,
0x5aDFFa8A38adc0810c1D714624F8Ce52A3a27961,Code4rena,3,,,,,,,,,,
0x30cfB3B033dF25673b35Dc21a77329059d57a69b,Code4rena,3,,,,,,,,,,
0xD0B90DEE950195A846ec7d9F7ebC7f45CEc7B9cC,Code4rena,3,,,,,,,,,,
0xc343235Ec8143EAB788d706165D50082833FF137,Code4rena,3,,,,,,,,,,
0x4bCc7c54E4e8E9a563B92272A51bBFb5d233de32,Code4rena,3,,,,,,,,,,
0x3Ca8C469ff8156eeBB1518FA631bf8ebc5EE0688,Code4rena,3,,,,,,,,,,
0xdf8E030c3BE481be8aAd7D40F34A09524269266A,Code4rena,3,,,,,,,,,,
0x71e6B570A4CE5ab1AcE7BDF3Bb1E642955cbdacB,Code4rena,3,,,,,,,,,,
0x28235dE0121700a462B5098Cff7D3615b050551F,Code4rena,3,,,,,,,,,,
0x7125412fc011d74c26e3ca768ab6224643702313,Code4rena,3,,,,,,,,,,
0x386f6B908640d9f394EF37bC1b8c3a4018fa3dB1,Code4rena,3,,,,,,,,,,
0xB159bEEb1DeA94440820F9A06A2f613974467e0E,Code4rena,3,,,,,,,,,,
0x957342FeBe16d72cE462Ffc649Bfc6fAF96e2da3,Code4rena,3,,,,,,,,,,
0x40385F27D90eb7A7FCa6F521176C6eBADBE57632,Code4rena,3,,,,,,,,,,
0x033e21B02373489ff2f7a2c2f1B109a1bC6158aD,Code4rena,3,,,,,,,,,,
0x4C024e5B3AE9B56319ed7c2D0F73A8535DDFF47e,Code4rena,3,,,,,,,,,,
0x071158363a80220cC3Cd2168e0b3ecFa7cDe6107,Code4rena,3,,,,,,,,,,
0x777bA383e74062dd7948A61471267E8e4370EA39,Code4rena,3,,,,,,,,,,
0xB2fbcF2Fb1Eb86464d60F04bEd4065404cD67e18,Code4rena,3,,,,,,,,,,
0xD5388291EAbe96b56069440C97046791E2F72573,Code4rena,3,,,,,,,,,,
0x1A4f547AeACB962B67Ec2fa35b803DA4F5f9b9D0,Code4rena,3,,,,,,,,,,
0x99c5E30533E8677FF4789bAB9Dae4a97FA30bC47,Code4rena,3,,,,,,,,,,
0xBa910716Fd4b6b4447AeA613993898eeB63844Ad,Code4rena,3,,,,,,,,,,
0x38c40EAd3D0Fe7959eb9DFE8337B3c4929884d2c,Code4rena,3,,,,,,,,,,
0x154DB26C46B35002f5EbD7b4A5D18B3290411B70,Code4rena,3,,,,,,,,,,
0xa8101F6Ec7080dE84233f1eE4fc1D6A2C1568327,Code4rena,3,,,,,,,,,,
0x0BacBAd41a499bADcD35eF1b7bDC951A119BBD86,Code4rena,3,,,,,,,,,,
0xe180d626a4229c1F1C4cb0278cE071dBcC172AdB,Code4rena,3,,,,,,,,,,
0x00b55eed88b14bf65b422dfa07fbc4941fc0178f,Code4rena,3,,,,,,,,,,
0xa8881ede6ae1404e62f20bb4aa89e5b1a7e1efd8,Code4rena,3,,,,,,,,,,
0xa166faFf77A6b23Afb23AAAf5f685F9C27896BD2,Code4rena,3,,,,,,,,,,
0xca14410735e29650dc240245d96bb376c51477c1,Code4rena,3,,,,,,,,,,
0x0E8ea7AD139C5EB10C6D1076962617D458D0Aed6,Code4rena,3,,,,,,,,,,
0x616e6EC41bE589C7Cd08ee9E2fE8dD0Eaddd8941,Code4rena,3,,,,,,,,,,
alim.eth,HighCouncil,1,,,,,,,,,,
0xbbe98d590d7eb99f4a236587f2441826396053d3,key individual,5,,,,,,,,,,
0xA5dF0cf3F95C6cd97d998b9D990a86864095d9b0,key institution,5,blockworksresearch,,,,,,,,,
0xb5B069370Ef24BC67F114e185D185063CE3479f8,key individual,5,,,,,,,,,,
0x3070FeEAfD678751c29171Bacd0042Fb370DEE00,key institution,5,cornell,,,,,,,,,
0x539629494be6b004d33d290e6243806750a3a2f4,key individual,5,,,,,,,,,,
0x406b607644c5d7bfda95963201e45a4c6ab1c159,key institution,5,synthetix council,,,,,,,,,
0x6EdA5aCafF7F5964E1EcC3FD61C62570C186cA0C,key individual,5,,,,,,,,,,
0xE93D59CC0bcECFD4ac204827eF67c5266079E2b5,key institution,5,georgia tech,,,,,,,,,
0x80fc5137886375e7e5c9fbaaf3f1bfcf86bce482,key individual,5,,,,,,,,,,
0x2b7839e74e8a9145e594810508006b3e856088f8,key individual,5,,,,,,,,,,
0x3fb19771947072629c8eee7995a2ef23b72d4c8a,key institution,5,pgov (group of large op delegates0,,,,,,,,,
0x11cf2f033b079fbb195425bfcb7d5dac4db2d752,key individual,5,,,,,,,,,,
0x995013b47ef3a2b07b9e60da6d1fff8fa9c53cf4,key institution,5,Uni south carolina/ op delegate,,,,,,,,,
0x84ad922d23A7613e0d25F36CB65CD5F92a155110,key individual ++,5,,,,,,,,,,
0xDD1E0799211d06217d4DdF34586f994CC9B4e6F0,key individual ++,5,adcv,,,,,,,,,
0xcc81578d163a04ea8d2eae6904d0c8e61a84e1bb,key individual ++,5,SebVentures,,,,,,,,,